solid OpenSCAD_Model
  facet normal 1 0 0
    outer loop
      vertex 49.35 1.025 0
      vertex 49.35 -33.85 0
      vertex 49.35 1.025 -1.85
    endloop
  endfacet
  facet normal 1 0 0
    outer loop
      vertex 49.35 9.675 -1.85
      vertex 49.35 33.85 0
      vertex 49.35 9.675 0
    endloop
  endfacet
  facet normal 1 0 0
    outer loop
      vertex 49.35 33.85 0
      vertex 49.35 9.675 -1.85
      vertex 49.35 33.85 -5.7
    endloop
  endfacet
  facet normal 1 -0 0
    outer loop
      vertex 49.35 1.025 -1.85
      vertex 49.35 33.85 -5.7
      vertex 49.35 9.675 -1.85
    endloop
  endfacet
  facet normal 1 0 0
    outer loop
      vertex 49.35 -33.85 -5.7
      vertex 49.35 1.025 -1.85
      vertex 49.35 -33.85 0
    endloop
  endfacet
  facet normal 1 0 0
    outer loop
      vertex 49.35 1.025 -1.85
      vertex 49.35 -33.85 -5.7
      vertex 49.35 33.85 -5.7
    endloop
  endfacet
  facet normal 0 0 1
    outer loop
      vertex 49.35 33.85 0
      vertex 49.337 9.80669 0
      vertex 49.35 9.675 0
    endloop
  endfacet
  facet normal 0 0 1
    outer loop
      vertex 49.35 33.85 0
      vertex 49.2986 9.93331 0
      vertex 49.337 9.80669 0
    endloop
  endfacet
  facet normal 0 0 1
    outer loop
      vertex 49.35 33.85 0
      vertex 49.2362 10.05 0
      vertex 49.2986 9.93331 0
    endloop
  endfacet
  facet normal 0 0 1
    outer loop
      vertex 49.35 33.85 0
      vertex 49.1523 10.1523 0
      vertex 49.2362 10.05 0
    endloop
  endfacet
  facet normal 0 0 1
    outer loop
      vertex 49.35 33.85 0
      vertex 49.05 10.2362 0
      vertex 49.1523 10.1523 0
    endloop
  endfacet
  facet normal -0 0 1
    outer loop
      vertex 46 30.5 0
      vertex 49.05 10.2362 0
      vertex 49.35 33.85 0
    endloop
  endfacet
  facet normal 0 0 1
    outer loop
      vertex 49.05 10.2362 0
      vertex 46 30.5 0
      vertex 48.9333 10.2986 0
    endloop
  endfacet
  facet normal 0 0 1
    outer loop
      vertex 48.9333 10.2986 0
      vertex 46 30.5 0
      vertex 48.8067 10.337 0
    endloop
  endfacet
  facet normal 0 0 1
    outer loop
      vertex 48.8067 10.337 0
      vertex 46 30.5 0
      vertex 48.675 10.35 0
    endloop
  endfacet
  facet normal 0 0 1
    outer loop
      vertex 48.675 10.35 0
      vertex 46 30.5 0
      vertex 48.5433 10.337 0
    endloop
  endfacet
  facet normal 0 0 1
    outer loop
      vertex 48.5433 10.337 0
      vertex 46 30.5 0
      vertex 48.4167 10.2986 0
    endloop
  endfacet
  facet normal 0 0 1
    outer loop
      vertex 48.4167 10.2986 0
      vertex 46 30.5 0
      vertex 48.3 10.2362 0
    endloop
  endfacet
  facet normal 0 0 1
    outer loop
      vertex 48.3 10.2362 0
      vertex 46 30.5 0
      vertex 48.1977 10.1523 0
    endloop
  endfacet
  facet normal 0 0 1
    outer loop
      vertex 48.1977 10.1523 0
      vertex 46 30.5 0
      vertex 48.1138 10.05 0
    endloop
  endfacet
  facet normal 0 0 1
    outer loop
      vertex 48.1138 10.05 0
      vertex 46 30.5 0
      vertex 48.0514 9.93331 0
    endloop
  endfacet
  facet normal 0 0 1
    outer loop
      vertex 48.0514 9.93331 0
      vertex 46 30.5 0
      vertex 48.013 9.80669 0
    endloop
  endfacet
  facet normal 0 0 1
    outer loop
      vertex 46 30.5 0
      vertex 48 1.025 0
      vertex 48 9.675 0
    endloop
  endfacet
  facet normal 0 0 1
    outer loop
      vertex 48 1.025 0
      vertex 46 30.5 0
      vertex 46 -22.5 0
    endloop
  endfacet
  facet normal 0 0 1
    outer loop
      vertex 48.013 9.80669 0
      vertex 46 30.5 0
      vertex 48 9.675 0
    endloop
  endfacet
  facet normal 0 0 1
    outer loop
      vertex 49.35 33.85 0
      vertex -46 30.5 0
      vertex 46 30.5 0
    endloop
  endfacet
  facet normal 0 0 1
    outer loop
      vertex -48 1.025 0
      vertex -46 30.5 0
      vertex -48 9.675 0
    endloop
  endfacet
  facet normal 0 0 1
    outer loop
      vertex -46 30.5 0
      vertex -48.013 9.80669 0
      vertex -48 9.675 0
    endloop
  endfacet
  facet normal 0 0 1
    outer loop
      vertex -46 30.5 0
      vertex -48.0514 9.93331 0
      vertex -48.013 9.80669 0
    endloop
  endfacet
  facet normal 0 0 1
    outer loop
      vertex -46 30.5 0
      vertex -48.1138 10.05 0
      vertex -48.0514 9.93331 0
    endloop
  endfacet
  facet normal 0 0 1
    outer loop
      vertex -46 30.5 0
      vertex -48.1977 10.1523 0
      vertex -48.1138 10.05 0
    endloop
  endfacet
  facet normal 0 0 1
    outer loop
      vertex -46 30.5 0
      vertex -48.3 10.2362 0
      vertex -48.1977 10.1523 0
    endloop
  endfacet
  facet normal 0 0 1
    outer loop
      vertex -46 30.5 0
      vertex -48.4167 10.2986 0
      vertex -48.3 10.2362 0
    endloop
  endfacet
  facet normal 0 0 1
    outer loop
      vertex -46 30.5 0
      vertex -48.5433 10.337 0
      vertex -48.4167 10.2986 0
    endloop
  endfacet
  facet normal 0 0 1
    outer loop
      vertex -46 30.5 0
      vertex -48.675 10.35 0
      vertex -48.5433 10.337 0
    endloop
  endfacet
  facet normal 0 0 1
    outer loop
      vertex -46 30.5 0
      vertex -48.8067 10.337 0
      vertex -48.675 10.35 0
    endloop
  endfacet
  facet normal 0 0 1
    outer loop
      vertex -46 30.5 0
      vertex -48.9333 10.2986 0
      vertex -48.8067 10.337 0
    endloop
  endfacet
  facet normal 0 0 1
    outer loop
      vertex -46 30.5 0
      vertex -49.05 10.2362 0
      vertex -48.9333 10.2986 0
    endloop
  endfacet
  facet normal 0 0 1
    outer loop
      vertex -49.35 33.85 0
      vertex -49.05 10.2362 0
      vertex -46 30.5 0
    endloop
  endfacet
  facet normal 0 0 1
    outer loop
      vertex -49.05 10.2362 0
      vertex -49.35 33.85 0
      vertex -49.1523 10.1523 0
    endloop
  endfacet
  facet normal 0 0 1
    outer loop
      vertex -49.1523 10.1523 0
      vertex -49.35 33.85 0
      vertex -49.2362 10.05 0
    endloop
  endfacet
  facet normal 0 0 1
    outer loop
      vertex -49.2362 10.05 0
      vertex -49.35 33.85 0
      vertex -49.2986 9.93331 0
    endloop
  endfacet
  facet normal -0 0 1
    outer loop
      vertex -49.35 33.85 0
      vertex -46 30.5 0
      vertex 49.35 33.85 0
    endloop
  endfacet
  facet normal 0 0 1
    outer loop
      vertex -49.2986 9.93331 0
      vertex -49.35 33.85 0
      vertex -49.337 9.80669 0
    endloop
  endfacet
  facet normal 0 0 1
    outer loop
      vertex -49.337 9.80669 0
      vertex -49.35 33.85 0
      vertex -49.35 9.675 0
    endloop
  endfacet
  facet normal -0 0 1
    outer loop
      vertex 49.337 0.893314 0
      vertex 49.35 -33.85 0
      vertex 49.35 1.025 0
    endloop
  endfacet
  facet normal 0 0 1
    outer loop
      vertex 48 -24.5 0
      vertex 49.337 0.893314 0
      vertex 49.2986 0.766688 0
    endloop
  endfacet
  facet normal 0 0 1
    outer loop
      vertex 48 -24.5 0
      vertex 49.2986 0.766688 0
      vertex 49.2362 0.649989 0
    endloop
  endfacet
  facet normal 0 0 1
    outer loop
      vertex 48 -24.5 0
      vertex 49.2362 0.649989 0
      vertex 49.1523 0.547702 0
    endloop
  endfacet
  facet normal 0 0 1
    outer loop
      vertex 48 -24.5 0
      vertex 49.1523 0.547702 0
      vertex 49.05 0.463758 0
    endloop
  endfacet
  facet normal 0 0 1
    outer loop
      vertex 48 -24.5 0
      vertex 49.05 0.463758 0
      vertex 48.9333 0.401381 0
    endloop
  endfacet
  facet normal 0 0 1
    outer loop
      vertex 48 -24.5 0
      vertex 48.9333 0.401381 0
      vertex 48.8067 0.36297 0
    endloop
  endfacet
  facet normal 0 0 1
    outer loop
      vertex 48 -24.5 0
      vertex 48.8067 0.36297 0
      vertex 48.675 0.35 0
    endloop
  endfacet
  facet normal 0 0 1
    outer loop
      vertex 48 -24.5 0
      vertex 48.675 0.35 0
      vertex 48.5433 0.36297 0
    endloop
  endfacet
  facet normal 0 0 1
    outer loop
      vertex 48 -24.5 0
      vertex 48.5433 0.36297 0
      vertex 48.4167 0.401381 0
    endloop
  endfacet
  facet normal 0 0 1
    outer loop
      vertex 48 -24.5 0
      vertex 48.4167 0.401381 0
      vertex 48.3 0.463758 0
    endloop
  endfacet
  facet normal 0 0 1
    outer loop
      vertex 48 -24.5 0
      vertex 48.3 0.463758 0
      vertex 48.1977 0.547702 0
    endloop
  endfacet
  facet normal 0 0 1
    outer loop
      vertex 48 -24.5 0
      vertex 48.1977 0.547702 0
      vertex 48.1138 0.649989 0
    endloop
  endfacet
  facet normal 0 0 1
    outer loop
      vertex 48 -24.5 0
      vertex 48.1138 0.649989 0
      vertex 48.0514 0.766688 0
    endloop
  endfacet
  facet normal 0 0 1
    outer loop
      vertex 48 -24.5 0
      vertex 48.0514 0.766688 0
      vertex 48.013 0.893314 0
    endloop
  endfacet
  facet normal 0 0 1
    outer loop
      vertex 48 -24.5 0
      vertex 48.013 0.893314 0
      vertex 48 1.025 0
    endloop
  endfacet
  facet normal 0 0 1
    outer loop
      vertex 49.337 0.893314 0
      vertex 48 -24.5 0
      vertex 49.35 -33.85 0
    endloop
  endfacet
  facet normal -0 0 1
    outer loop
      vertex 48 -32.49 0
      vertex 49.35 -33.85 0
      vertex 48 -24.5 0
    endloop
  endfacet
  facet normal 0 0 1
    outer loop
      vertex 42.95 -33.85 0
      vertex 48 -32.49 0
      vertex 42.95 -32.49 0
    endloop
  endfacet
  facet normal 0 0 1
    outer loop
      vertex 48 -32.49 0
      vertex 42.95 -33.85 0
      vertex 49.35 -33.85 0
    endloop
  endfacet
  facet normal 0 0 1
    outer loop
      vertex 48 1.025 0
      vertex 46 -22.5 0
      vertex 48 -24.5 0
    endloop
  endfacet
  facet normal -0 0 1
    outer loop
      vertex -46 -22.5 0
      vertex 48 -24.5 0
      vertex 46 -22.5 0
    endloop
  endfacet
  facet normal 0 0 1
    outer loop
      vertex -46 30.5 0
      vertex -48 1.025 0
      vertex -46 -22.5 0
    endloop
  endfacet
  facet normal 0 0 1
    outer loop
      vertex -46 -22.5 0
      vertex -48 -24.5 0
      vertex 48 -24.5 0
    endloop
  endfacet
  facet normal -0 0 1
    outer loop
      vertex -48.013 0.893314 0
      vertex -46 -22.5 0
      vertex -48 1.025 0
    endloop
  endfacet
  facet normal -0 0 1
    outer loop
      vertex -48.0514 0.766688 0
      vertex -46 -22.5 0
      vertex -48.013 0.893314 0
    endloop
  endfacet
  facet normal -0 0 1
    outer loop
      vertex -48.1138 0.649989 0
      vertex -46 -22.5 0
      vertex -48.0514 0.766688 0
    endloop
  endfacet
  facet normal -0 0 1
    outer loop
      vertex -48 -32.49 0
      vertex -42.95 -33.85 0
      vertex -42.95 -32.49 0
    endloop
  endfacet
  facet normal -0 0 1
    outer loop
      vertex -48.1977 0.547702 0
      vertex -46 -22.5 0
      vertex -48.1138 0.649989 0
    endloop
  endfacet
  facet normal -0 0 1
    outer loop
      vertex -48.3 0.463758 0
      vertex -46 -22.5 0
      vertex -48.1977 0.547702 0
    endloop
  endfacet
  facet normal -0 0 1
    outer loop
      vertex -48.4167 0.401381 0
      vertex -46 -22.5 0
      vertex -48.3 0.463758 0
    endloop
  endfacet
  facet normal -0 0 1
    outer loop
      vertex -48.5433 0.36297 0
      vertex -46 -22.5 0
      vertex -48.4167 0.401381 0
    endloop
  endfacet
  facet normal -0 0 1
    outer loop
      vertex -48.675 0.35 0
      vertex -46 -22.5 0
      vertex -48.5433 0.36297 0
    endloop
  endfacet
  facet normal 0 0 1
    outer loop
      vertex -48.8067 0.36297 0
      vertex -46 -22.5 0
      vertex -48.675 0.35 0
    endloop
  endfacet
  facet normal 0 0 1
    outer loop
      vertex -48.9333 0.401381 0
      vertex -46 -22.5 0
      vertex -48.8067 0.36297 0
    endloop
  endfacet
  facet normal 0 0 1
    outer loop
      vertex -49.05 0.463758 0
      vertex -46 -22.5 0
      vertex -48.9333 0.401381 0
    endloop
  endfacet
  facet normal 0 0 1
    outer loop
      vertex -46 -22.5 0
      vertex -49.05 0.463758 0
      vertex -48 -24.5 0
    endloop
  endfacet
  facet normal 0 0 1
    outer loop
      vertex -49.1523 0.547702 0
      vertex -48 -24.5 0
      vertex -49.05 0.463758 0
    endloop
  endfacet
  facet normal 0 0 1
    outer loop
      vertex -49.2362 0.649989 0
      vertex -48 -24.5 0
      vertex -49.1523 0.547702 0
    endloop
  endfacet
  facet normal 0 0 1
    outer loop
      vertex -49.2986 0.766688 0
      vertex -48 -24.5 0
      vertex -49.2362 0.649989 0
    endloop
  endfacet
  facet normal 0 0 1
    outer loop
      vertex -49.337 0.893314 0
      vertex -48 -24.5 0
      vertex -49.2986 0.766688 0
    endloop
  endfacet
  facet normal 0 0 1
    outer loop
      vertex -48 -24.5 0
      vertex -49.337 0.893314 0
      vertex -49.35 -33.85 0
    endloop
  endfacet
  facet normal 0 0 1
    outer loop
      vertex -49.35 -33.85 0
      vertex -49.337 0.893314 0
      vertex -49.35 1.025 0
    endloop
  endfacet
  facet normal 0 0 1
    outer loop
      vertex -48 -32.49 0
      vertex -49.35 -33.85 0
      vertex -42.95 -33.85 0
    endloop
  endfacet
  facet normal 0 0 1
    outer loop
      vertex -48 -24.5 0
      vertex -49.35 -33.85 0
      vertex -48 -32.49 0
    endloop
  endfacet
  facet normal 0 0 -1
    outer loop
      vertex -46.8964 -32.0167 -5.7
      vertex -42.95 -32.5 -5.7
      vertex -42.95 -33.85 -5.7
    endloop
  endfacet
  facet normal 0 0 -1
    outer loop
      vertex -42.95 -32.5 -5.7
      vertex -46.7844 -31.7463 -5.7
      vertex -46.77 -31.6 -5.7
    endloop
  endfacet
  facet normal 0 0 -1
    outer loop
      vertex -42.95 -32.5 -5.7
      vertex -46.8271 -31.887 -5.7
      vertex -46.7844 -31.7463 -5.7
    endloop
  endfacet
  facet normal 0 0 -1
    outer loop
      vertex -42.95 -32.5 -5.7
      vertex -46.8964 -32.0167 -5.7
      vertex -46.8271 -31.887 -5.7
    endloop
  endfacet
  facet normal 0 0 -1
    outer loop
      vertex -42.95 -33.85 -5.7
      vertex -46.9897 -32.1303 -5.7
      vertex -46.8964 -32.0167 -5.7
    endloop
  endfacet
  facet normal 0 0 -1
    outer loop
      vertex -42.95 -33.85 -5.7
      vertex -47.1033 -32.2236 -5.7
      vertex -46.9897 -32.1303 -5.7
    endloop
  endfacet
  facet normal 0 0 -1
    outer loop
      vertex -42.95 -33.85 -5.7
      vertex -47.233 -32.2929 -5.7
      vertex -47.1033 -32.2236 -5.7
    endloop
  endfacet
  facet normal 0 0 -1
    outer loop
      vertex -49.35 -33.85 -5.7
      vertex -47.233 -32.2929 -5.7
      vertex -42.95 -33.85 -5.7
    endloop
  endfacet
  facet normal 0 0 -1
    outer loop
      vertex -47.233 -32.2929 -5.7
      vertex -49.35 -33.85 -5.7
      vertex -47.3737 -32.3356 -5.7
    endloop
  endfacet
  facet normal 0 0 -1
    outer loop
      vertex -47.3737 -32.3356 -5.7
      vertex -49.35 -33.85 -5.7
      vertex -47.52 -32.35 -5.7
    endloop
  endfacet
  facet normal -0 0 -1
    outer loop
      vertex -47.52 -32.35 -5.7
      vertex -49.35 -33.85 -5.7
      vertex -47.6663 -32.3356 -5.7
    endloop
  endfacet
  facet normal -0 0 -1
    outer loop
      vertex -48.2556 -31.7463 -5.7
      vertex -49.35 -33.85 -5.7
      vertex -48.27 -31.6 -5.7
    endloop
  endfacet
  facet normal -0 0 -1
    outer loop
      vertex -48.2129 -31.887 -5.7
      vertex -49.35 -33.85 -5.7
      vertex -48.2556 -31.7463 -5.7
    endloop
  endfacet
  facet normal -0 0 -1
    outer loop
      vertex -48.1436 -32.0167 -5.7
      vertex -49.35 -33.85 -5.7
      vertex -48.2129 -31.887 -5.7
    endloop
  endfacet
  facet normal -0 0 -1
    outer loop
      vertex -48.0503 -32.1303 -5.7
      vertex -49.35 -33.85 -5.7
      vertex -48.1436 -32.0167 -5.7
    endloop
  endfacet
  facet normal -0 0 -1
    outer loop
      vertex -47.9367 -32.2236 -5.7
      vertex -49.35 -33.85 -5.7
      vertex -48.0503 -32.1303 -5.7
    endloop
  endfacet
  facet normal -0 0 -1
    outer loop
      vertex -47.807 -32.2929 -5.7
      vertex -49.35 -33.85 -5.7
      vertex -47.9367 -32.2236 -5.7
    endloop
  endfacet
  facet normal -0 0 -1
    outer loop
      vertex -47.6663 -32.3356 -5.7
      vertex -49.35 -33.85 -5.7
      vertex -47.807 -32.2929 -5.7
    endloop
  endfacet
  facet normal 0 0 -1
    outer loop
      vertex -42.95 -32.5 -5.7
      vertex -29.1 -31.85 -5.7
      vertex -14.17 -32.5 -5.7
    endloop
  endfacet
  facet normal -0 0 -1
    outer loop
      vertex -30.9 -31.85 -5.7
      vertex -42.95 -32.5 -5.7
      vertex -30.9 -31.35 -5.7
    endloop
  endfacet
  facet normal -0 0 -1
    outer loop
      vertex -29.1 -31.85 -5.7
      vertex -42.95 -32.5 -5.7
      vertex -30.9 -31.85 -5.7
    endloop
  endfacet
  facet normal 0 0 -1
    outer loop
      vertex 42.95 -32.5 -5.7
      vertex 29.1 -31.85 -5.7
      vertex 30.9 -31.85 -5.7
    endloop
  endfacet
  facet normal -0 0 -1
    outer loop
      vertex 29.1 -31.85 -5.7
      vertex 14.17 -32.5 -5.7
      vertex 29.1 -31.35 -5.7
    endloop
  endfacet
  facet normal 0 0 -1
    outer loop
      vertex 14.17 -32.5 -5.7
      vertex 29.1 -31.85 -5.7
      vertex 42.95 -32.5 -5.7
    endloop
  endfacet
  facet normal 0 0 -1
    outer loop
      vertex 48.2556 -31.4537 -5.7
      vertex 49.35 -33.85 -5.7
      vertex 48.27 -31.6 -5.7
    endloop
  endfacet
  facet normal 0 0 -1
    outer loop
      vertex 49.35 -33.85 -5.7
      vertex 48.2556 -31.7463 -5.7
      vertex 48.27 -31.6 -5.7
    endloop
  endfacet
  facet normal 0 0 -1
    outer loop
      vertex 49.35 -33.85 -5.7
      vertex 48.2129 -31.887 -5.7
      vertex 48.2556 -31.7463 -5.7
    endloop
  endfacet
  facet normal 0 0 -1
    outer loop
      vertex 49.35 -33.85 -5.7
      vertex 48.1436 -32.0167 -5.7
      vertex 48.2129 -31.887 -5.7
    endloop
  endfacet
  facet normal 0 0 -1
    outer loop
      vertex 49.35 -33.85 -5.7
      vertex 48.0503 -32.1303 -5.7
      vertex 48.1436 -32.0167 -5.7
    endloop
  endfacet
  facet normal 0 0 -1
    outer loop
      vertex 49.35 -33.85 -5.7
      vertex 47.9367 -32.2236 -5.7
      vertex 48.0503 -32.1303 -5.7
    endloop
  endfacet
  facet normal 0 0 -1
    outer loop
      vertex 49.35 -33.85 -5.7
      vertex 47.807 -32.2929 -5.7
      vertex 47.9367 -32.2236 -5.7
    endloop
  endfacet
  facet normal 0 0 -1
    outer loop
      vertex 49.35 -33.85 -5.7
      vertex 47.6663 -32.3356 -5.7
      vertex 47.807 -32.2929 -5.7
    endloop
  endfacet
  facet normal 0 0 -1
    outer loop
      vertex 49.35 -33.85 -5.7
      vertex 47.52 -32.35 -5.7
      vertex 47.6663 -32.3356 -5.7
    endloop
  endfacet
  facet normal 0 0 -1
    outer loop
      vertex 49.35 -33.85 -5.7
      vertex 47.3737 -32.3356 -5.7
      vertex 47.52 -32.35 -5.7
    endloop
  endfacet
  facet normal 0 0 -1
    outer loop
      vertex 49.35 -33.85 -5.7
      vertex 47.233 -32.2929 -5.7
      vertex 47.3737 -32.3356 -5.7
    endloop
  endfacet
  facet normal 0 0 -1
    outer loop
      vertex 42.95 -33.85 -5.7
      vertex 47.233 -32.2929 -5.7
      vertex 49.35 -33.85 -5.7
    endloop
  endfacet
  facet normal -0 0 -1
    outer loop
      vertex 46.8271 -31.887 -5.7
      vertex 42.95 -32.5 -5.7
      vertex 46.7844 -31.7463 -5.7
    endloop
  endfacet
  facet normal -0 0 -1
    outer loop
      vertex 46.8964 -32.0167 -5.7
      vertex 42.95 -32.5 -5.7
      vertex 46.8271 -31.887 -5.7
    endloop
  endfacet
  facet normal 0 0 -1
    outer loop
      vertex 42.95 -32.5 -5.7
      vertex 46.8964 -32.0167 -5.7
      vertex 42.95 -33.85 -5.7
    endloop
  endfacet
  facet normal -0 0 -1
    outer loop
      vertex 46.9897 -32.1303 -5.7
      vertex 42.95 -33.85 -5.7
      vertex 46.8964 -32.0167 -5.7
    endloop
  endfacet
  facet normal -0 0 -1
    outer loop
      vertex 47.1033 -32.2236 -5.7
      vertex 42.95 -33.85 -5.7
      vertex 46.9897 -32.1303 -5.7
    endloop
  endfacet
  facet normal -0 0 -1
    outer loop
      vertex 47.233 -32.2929 -5.7
      vertex 42.95 -33.85 -5.7
      vertex 47.1033 -32.2236 -5.7
    endloop
  endfacet
  facet normal 0 0 -1
    outer loop
      vertex 48.2129 -31.313 -5.7
      vertex 49.35 -33.85 -5.7
      vertex 48.2556 -31.4537 -5.7
    endloop
  endfacet
  facet normal 0 0 -1
    outer loop
      vertex 49.35 -33.85 -5.7
      vertex 48.2129 -31.313 -5.7
      vertex 49.35 33.85 -5.7
    endloop
  endfacet
  facet normal 0 0 -1
    outer loop
      vertex 48.1436 -31.1833 -5.7
      vertex 49.35 33.85 -5.7
      vertex 48.2129 -31.313 -5.7
    endloop
  endfacet
  facet normal 0 0 -1
    outer loop
      vertex 48.0503 -31.0697 -5.7
      vertex 49.35 33.85 -5.7
      vertex 48.1436 -31.1833 -5.7
    endloop
  endfacet
  facet normal 0 0 -1
    outer loop
      vertex 47.9367 -30.9764 -5.7
      vertex 49.35 33.85 -5.7
      vertex 48.0503 -31.0697 -5.7
    endloop
  endfacet
  facet normal 0 0 -1
    outer loop
      vertex 47.807 -30.9071 -5.7
      vertex 49.35 33.85 -5.7
      vertex 47.9367 -30.9764 -5.7
    endloop
  endfacet
  facet normal 0 0 -1
    outer loop
      vertex 47.6663 -30.8644 -5.7
      vertex 49.35 33.85 -5.7
      vertex 47.807 -30.9071 -5.7
    endloop
  endfacet
  facet normal 0 0 -1
    outer loop
      vertex 47.52 -30.85 -5.7
      vertex 49.35 33.85 -5.7
      vertex 47.6663 -30.8644 -5.7
    endloop
  endfacet
  facet normal 0 0 -1
    outer loop
      vertex 47.3737 -30.8644 -5.7
      vertex 49.35 33.85 -5.7
      vertex 47.52 -30.85 -5.7
    endloop
  endfacet
  facet normal 0 0 -1
    outer loop
      vertex 30.9 -31.35 -5.7
      vertex 47.3737 -30.8644 -5.7
      vertex 47.233 -30.9071 -5.7
    endloop
  endfacet
  facet normal 0 0 -1
    outer loop
      vertex 42.95 -32.5 -5.7
      vertex 47.233 -30.9071 -5.7
      vertex 47.1033 -30.9764 -5.7
    endloop
  endfacet
  facet normal 0 0 -1
    outer loop
      vertex 42.95 -32.5 -5.7
      vertex 47.1033 -30.9764 -5.7
      vertex 46.9897 -31.0697 -5.7
    endloop
  endfacet
  facet normal 0 0 -1
    outer loop
      vertex 42.95 -32.5 -5.7
      vertex 46.9897 -31.0697 -5.7
      vertex 46.8964 -31.1833 -5.7
    endloop
  endfacet
  facet normal 0 0 -1
    outer loop
      vertex 42.95 -32.5 -5.7
      vertex 46.8964 -31.1833 -5.7
      vertex 46.8271 -31.313 -5.7
    endloop
  endfacet
  facet normal 0 0 -1
    outer loop
      vertex 42.95 -32.5 -5.7
      vertex 46.8271 -31.313 -5.7
      vertex 46.7844 -31.4537 -5.7
    endloop
  endfacet
  facet normal 0 0 -1
    outer loop
      vertex 42.95 -32.5 -5.7
      vertex 46.7844 -31.4537 -5.7
      vertex 46.77 -31.6 -5.7
    endloop
  endfacet
  facet normal -0 0 -1
    outer loop
      vertex 46.7844 -31.7463 -5.7
      vertex 42.95 -32.5 -5.7
      vertex 46.77 -31.6 -5.7
    endloop
  endfacet
  facet normal 0 0 -1
    outer loop
      vertex 47.233 -30.9071 -5.7
      vertex 42.95 -32.5 -5.7
      vertex 30.9 -31.35 -5.7
    endloop
  endfacet
  facet normal 0 0 -1
    outer loop
      vertex 30.9 -31.35 -5.7
      vertex 42.95 -32.5 -5.7
      vertex 30.9 -31.85 -5.7
    endloop
  endfacet
  facet normal -0 0 -1
    outer loop
      vertex 47.3737 -30.8644 -5.7
      vertex 30.9 -31.35 -5.7
      vertex 49.35 33.85 -5.7
    endloop
  endfacet
  facet normal 0 0 -1
    outer loop
      vertex 29.1 -31.35 -5.7
      vertex 49.35 33.85 -5.7
      vertex 30.9 -31.35 -5.7
    endloop
  endfacet
  facet normal 0 0 -1
    outer loop
      vertex 14.17 -32.5 -5.7
      vertex 49.35 33.85 -5.7
      vertex 29.1 -31.35 -5.7
    endloop
  endfacet
  facet normal 0 0 -1
    outer loop
      vertex 13.77 -32.5 -5.7
      vertex 49.35 33.85 -5.7
      vertex 14.17 -32.5 -5.7
    endloop
  endfacet
  facet normal 0 0 -1
    outer loop
      vertex 12.9 -32.5 -5.7
      vertex 49.35 33.85 -5.7
      vertex 13.77 -32.5 -5.7
    endloop
  endfacet
  facet normal 0 0 -1
    outer loop
      vertex 12.5 -32.5 -5.7
      vertex 49.35 33.85 -5.7
      vertex 12.9 -32.5 -5.7
    endloop
  endfacet
  facet normal 0 0 -1
    outer loop
      vertex 11.63 -32.5 -5.7
      vertex 49.35 33.85 -5.7
      vertex 12.5 -32.5 -5.7
    endloop
  endfacet
  facet normal 0 0 -1
    outer loop
      vertex 11.23 -32.5 -5.7
      vertex 49.35 33.85 -5.7
      vertex 11.63 -32.5 -5.7
    endloop
  endfacet
  facet normal 0 0 -1
    outer loop
      vertex 10.36 -32.5 -5.7
      vertex 49.35 33.85 -5.7
      vertex 11.23 -32.5 -5.7
    endloop
  endfacet
  facet normal 0 0 -1
    outer loop
      vertex 9.96 -32.5 -5.7
      vertex 49.35 33.85 -5.7
      vertex 10.36 -32.5 -5.7
    endloop
  endfacet
  facet normal 0 0 -1
    outer loop
      vertex 9.09 -32.5 -5.7
      vertex 49.35 33.85 -5.7
      vertex 9.96 -32.5 -5.7
    endloop
  endfacet
  facet normal 0 0 -1
    outer loop
      vertex 8.69 -32.5 -5.7
      vertex 49.35 33.85 -5.7
      vertex 9.09 -32.5 -5.7
    endloop
  endfacet
  facet normal 0 0 -1
    outer loop
      vertex 7.82 -32.5 -5.7
      vertex 49.35 33.85 -5.7
      vertex 8.69 -32.5 -5.7
    endloop
  endfacet
  facet normal 0 0 -1
    outer loop
      vertex 7.42 -32.5 -5.7
      vertex 49.35 33.85 -5.7
      vertex 7.82 -32.5 -5.7
    endloop
  endfacet
  facet normal 0 0 -1
    outer loop
      vertex 6.55 -32.5 -5.7
      vertex 49.35 33.85 -5.7
      vertex 7.42 -32.5 -5.7
    endloop
  endfacet
  facet normal 0 0 -1
    outer loop
      vertex 6.15 -32.5 -5.7
      vertex 49.35 33.85 -5.7
      vertex 6.55 -32.5 -5.7
    endloop
  endfacet
  facet normal 0 0 -1
    outer loop
      vertex 5.28 -32.5 -5.7
      vertex 49.35 33.85 -5.7
      vertex 6.15 -32.5 -5.7
    endloop
  endfacet
  facet normal 0 0 -1
    outer loop
      vertex 4.88 -32.5 -5.7
      vertex 49.35 33.85 -5.7
      vertex 5.28 -32.5 -5.7
    endloop
  endfacet
  facet normal 0 0 -1
    outer loop
      vertex 4.01 -32.5 -5.7
      vertex 49.35 33.85 -5.7
      vertex 4.88 -32.5 -5.7
    endloop
  endfacet
  facet normal 0 0 -1
    outer loop
      vertex 3.61 -32.5 -5.7
      vertex 49.35 33.85 -5.7
      vertex 4.01 -32.5 -5.7
    endloop
  endfacet
  facet normal 0 0 -1
    outer loop
      vertex 2.74 -32.5 -5.7
      vertex 49.35 33.85 -5.7
      vertex 3.61 -32.5 -5.7
    endloop
  endfacet
  facet normal 0 0 -1
    outer loop
      vertex 2.34 -32.5 -5.7
      vertex 49.35 33.85 -5.7
      vertex 2.74 -32.5 -5.7
    endloop
  endfacet
  facet normal 0 0 -1
    outer loop
      vertex 1.47 -32.5 -5.7
      vertex 49.35 33.85 -5.7
      vertex 2.34 -32.5 -5.7
    endloop
  endfacet
  facet normal 0 0 -1
    outer loop
      vertex 1.07 -32.5 -5.7
      vertex 49.35 33.85 -5.7
      vertex 1.47 -32.5 -5.7
    endloop
  endfacet
  facet normal 0 0 -1
    outer loop
      vertex 0.199999 -32.5 -5.7
      vertex 49.35 33.85 -5.7
      vertex 1.07 -32.5 -5.7
    endloop
  endfacet
  facet normal 0 0 -1
    outer loop
      vertex -0.2 -32.5 -5.7
      vertex 49.35 33.85 -5.7
      vertex 0.199999 -32.5 -5.7
    endloop
  endfacet
  facet normal 0 0 -1
    outer loop
      vertex -49.35 33.85 -5.7
      vertex -0.2 -32.5 -5.7
      vertex -1.07 -32.5 -5.7
    endloop
  endfacet
  facet normal 0 0 -1
    outer loop
      vertex -49.35 33.85 -5.7
      vertex -1.07 -32.5 -5.7
      vertex -1.47 -32.5 -5.7
    endloop
  endfacet
  facet normal 0 0 -1
    outer loop
      vertex -49.35 33.85 -5.7
      vertex -1.47 -32.5 -5.7
      vertex -2.34 -32.5 -5.7
    endloop
  endfacet
  facet normal 0 0 -1
    outer loop
      vertex -49.35 33.85 -5.7
      vertex -2.34 -32.5 -5.7
      vertex -2.74 -32.5 -5.7
    endloop
  endfacet
  facet normal 0 0 -1
    outer loop
      vertex -49.35 33.85 -5.7
      vertex -2.74 -32.5 -5.7
      vertex -3.61 -32.5 -5.7
    endloop
  endfacet
  facet normal 0 0 -1
    outer loop
      vertex -49.35 33.85 -5.7
      vertex -3.61 -32.5 -5.7
      vertex -4.01 -32.5 -5.7
    endloop
  endfacet
  facet normal 0 0 -1
    outer loop
      vertex -49.35 33.85 -5.7
      vertex -4.01 -32.5 -5.7
      vertex -4.88 -32.5 -5.7
    endloop
  endfacet
  facet normal 0 0 -1
    outer loop
      vertex -49.35 33.85 -5.7
      vertex -4.88 -32.5 -5.7
      vertex -5.28 -32.5 -5.7
    endloop
  endfacet
  facet normal 0 0 -1
    outer loop
      vertex -49.35 33.85 -5.7
      vertex -5.28 -32.5 -5.7
      vertex -6.15 -32.5 -5.7
    endloop
  endfacet
  facet normal 0 0 -1
    outer loop
      vertex -49.35 33.85 -5.7
      vertex -6.15 -32.5 -5.7
      vertex -6.55 -32.5 -5.7
    endloop
  endfacet
  facet normal 0 0 -1
    outer loop
      vertex -49.35 33.85 -5.7
      vertex -6.55 -32.5 -5.7
      vertex -7.42 -32.5 -5.7
    endloop
  endfacet
  facet normal 0 0 -1
    outer loop
      vertex -49.35 33.85 -5.7
      vertex -7.42 -32.5 -5.7
      vertex -7.82 -32.5 -5.7
    endloop
  endfacet
  facet normal 0 0 -1
    outer loop
      vertex -49.35 33.85 -5.7
      vertex -7.82 -32.5 -5.7
      vertex -8.69 -32.5 -5.7
    endloop
  endfacet
  facet normal 0 0 -1
    outer loop
      vertex -49.35 33.85 -5.7
      vertex -8.69 -32.5 -5.7
      vertex -9.09 -32.5 -5.7
    endloop
  endfacet
  facet normal 0 0 -1
    outer loop
      vertex -49.35 33.85 -5.7
      vertex -9.09 -32.5 -5.7
      vertex -9.96 -32.5 -5.7
    endloop
  endfacet
  facet normal 0 0 -1
    outer loop
      vertex -49.35 33.85 -5.7
      vertex -9.96 -32.5 -5.7
      vertex -10.36 -32.5 -5.7
    endloop
  endfacet
  facet normal 0 0 -1
    outer loop
      vertex -49.35 33.85 -5.7
      vertex -10.36 -32.5 -5.7
      vertex -11.23 -32.5 -5.7
    endloop
  endfacet
  facet normal 0 0 -1
    outer loop
      vertex -49.35 33.85 -5.7
      vertex -11.23 -32.5 -5.7
      vertex -11.63 -32.5 -5.7
    endloop
  endfacet
  facet normal 0 0 -1
    outer loop
      vertex -49.35 33.85 -5.7
      vertex -11.63 -32.5 -5.7
      vertex -12.5 -32.5 -5.7
    endloop
  endfacet
  facet normal 0 0 -1
    outer loop
      vertex -49.35 33.85 -5.7
      vertex -12.5 -32.5 -5.7
      vertex -12.9 -32.5 -5.7
    endloop
  endfacet
  facet normal 0 0 -1
    outer loop
      vertex -49.35 33.85 -5.7
      vertex -12.9 -32.5 -5.7
      vertex -13.77 -32.5 -5.7
    endloop
  endfacet
  facet normal 0 0 -1
    outer loop
      vertex -49.35 33.85 -5.7
      vertex -13.77 -32.5 -5.7
      vertex -14.17 -32.5 -5.7
    endloop
  endfacet
  facet normal 0 0 -1
    outer loop
      vertex -29.1 -31.35 -5.7
      vertex -14.17 -32.5 -5.7
      vertex -29.1 -31.85 -5.7
    endloop
  endfacet
  facet normal 0 0 -1
    outer loop
      vertex -49.35 33.85 -5.7
      vertex -14.17 -32.5 -5.7
      vertex -29.1 -31.35 -5.7
    endloop
  endfacet
  facet normal 0 0 -1
    outer loop
      vertex -49.35 33.85 -5.7
      vertex -29.1 -31.35 -5.7
      vertex -30.9 -31.35 -5.7
    endloop
  endfacet
  facet normal 0 0 -1
    outer loop
      vertex -47.233 -30.9071 -5.7
      vertex -30.9 -31.35 -5.7
      vertex -42.95 -32.5 -5.7
    endloop
  endfacet
  facet normal 0 0 -1
    outer loop
      vertex -46.7844 -31.4537 -5.7
      vertex -42.95 -32.5 -5.7
      vertex -46.77 -31.6 -5.7
    endloop
  endfacet
  facet normal 0 0 -1
    outer loop
      vertex -46.8271 -31.313 -5.7
      vertex -42.95 -32.5 -5.7
      vertex -46.7844 -31.4537 -5.7
    endloop
  endfacet
  facet normal 0 0 -1
    outer loop
      vertex -46.8964 -31.1833 -5.7
      vertex -42.95 -32.5 -5.7
      vertex -46.8271 -31.313 -5.7
    endloop
  endfacet
  facet normal 0 0 -1
    outer loop
      vertex -46.9897 -31.0697 -5.7
      vertex -42.95 -32.5 -5.7
      vertex -46.8964 -31.1833 -5.7
    endloop
  endfacet
  facet normal 0 0 -1
    outer loop
      vertex -47.1033 -30.9764 -5.7
      vertex -42.95 -32.5 -5.7
      vertex -46.9897 -31.0697 -5.7
    endloop
  endfacet
  facet normal 0 0 -1
    outer loop
      vertex -47.233 -30.9071 -5.7
      vertex -42.95 -32.5 -5.7
      vertex -47.1033 -30.9764 -5.7
    endloop
  endfacet
  facet normal 0 0 -1
    outer loop
      vertex -47.3737 -30.8644 -5.7
      vertex -30.9 -31.35 -5.7
      vertex -47.233 -30.9071 -5.7
    endloop
  endfacet
  facet normal 0 0 -1
    outer loop
      vertex -30.9 -31.35 -5.7
      vertex -47.3737 -30.8644 -5.7
      vertex -49.35 33.85 -5.7
    endloop
  endfacet
  facet normal 0 0 -1
    outer loop
      vertex -49.35 33.85 -5.7
      vertex -47.3737 -30.8644 -5.7
      vertex -47.52 -30.85 -5.7
    endloop
  endfacet
  facet normal 0 0 -1
    outer loop
      vertex -49.35 33.85 -5.7
      vertex -47.52 -30.85 -5.7
      vertex -47.6663 -30.8644 -5.7
    endloop
  endfacet
  facet normal 0 0 -1
    outer loop
      vertex -49.35 33.85 -5.7
      vertex -47.6663 -30.8644 -5.7
      vertex -47.807 -30.9071 -5.7
    endloop
  endfacet
  facet normal 0 0 -1
    outer loop
      vertex -49.35 33.85 -5.7
      vertex -47.807 -30.9071 -5.7
      vertex -47.9367 -30.9764 -5.7
    endloop
  endfacet
  facet normal 0 0 -1
    outer loop
      vertex -49.35 -33.85 -5.7
      vertex -48.2556 -31.4537 -5.7
      vertex -48.27 -31.6 -5.7
    endloop
  endfacet
  facet normal 0 0 -1
    outer loop
      vertex -49.35 -33.85 -5.7
      vertex -48.2129 -31.313 -5.7
      vertex -48.2556 -31.4537 -5.7
    endloop
  endfacet
  facet normal 0 0 -1
    outer loop
      vertex -0.2 -32.5 -5.7
      vertex -49.35 33.85 -5.7
      vertex 49.35 33.85 -5.7
    endloop
  endfacet
  facet normal 0 0 -1
    outer loop
      vertex -48.0503 -31.0697 -5.7
      vertex -49.35 33.85 -5.7
      vertex -47.9367 -30.9764 -5.7
    endloop
  endfacet
  facet normal 0 0 -1
    outer loop
      vertex -48.1436 -31.1833 -5.7
      vertex -49.35 33.85 -5.7
      vertex -48.0503 -31.0697 -5.7
    endloop
  endfacet
  facet normal 0 0 -1
    outer loop
      vertex -48.2129 -31.313 -5.7
      vertex -49.35 33.85 -5.7
      vertex -48.1436 -31.1833 -5.7
    endloop
  endfacet
  facet normal 0 0 -1
    outer loop
      vertex -49.35 33.85 -5.7
      vertex -48.2129 -31.313 -5.7
      vertex -49.35 -33.85 -5.7
    endloop
  endfacet
  facet normal -1 0 0
    outer loop
      vertex -49.35 33.85 -5.7
      vertex -49.35 9.675 -1.85
      vertex -49.35 33.85 0
    endloop
  endfacet
  facet normal -1 0 0
    outer loop
      vertex -49.35 33.85 -5.7
      vertex -49.35 1.025 -1.85
      vertex -49.35 9.675 -1.85
    endloop
  endfacet
  facet normal -1 0 0
    outer loop
      vertex -49.35 -33.85 -5.7
      vertex -49.35 1.025 -1.85
      vertex -49.35 33.85 -5.7
    endloop
  endfacet
  facet normal -1 0 0
    outer loop
      vertex -49.35 -33.85 0
      vertex -49.35 1.025 -1.85
      vertex -49.35 -33.85 -5.7
    endloop
  endfacet
  facet normal -1 0 0
    outer loop
      vertex -49.35 1.025 -1.85
      vertex -49.35 -33.85 0
      vertex -49.35 1.025 0
    endloop
  endfacet
  facet normal -1 -0 0
    outer loop
      vertex -49.35 33.85 0
      vertex -49.35 9.675 -1.85
      vertex -49.35 9.675 0
    endloop
  endfacet
  facet normal 0 1 -0
    outer loop
      vertex 49.35 33.85 -5.7
      vertex -49.35 33.85 0
      vertex 49.35 33.85 0
    endloop
  endfacet
  facet normal 0 1 0
    outer loop
      vertex -49.35 33.85 0
      vertex 49.35 33.85 -5.7
      vertex -49.35 33.85 -5.7
    endloop
  endfacet
  facet normal 0 -1 0
    outer loop
      vertex -42.95 -32.5 -5.7
      vertex -14.17 -32.5 -1.45
      vertex -42.95 -32.5 -1.45
    endloop
  endfacet
  facet normal 0 -1 -0
    outer loop
      vertex -14.17 -32.5 -1.45
      vertex -42.95 -32.5 -5.7
      vertex -14.17 -32.5 -5.7
    endloop
  endfacet
  facet normal 0 -1 0
    outer loop
      vertex 14.17 -32.5 -5.7
      vertex 42.95 -32.5 -1.45
      vertex 14.17 -32.5 -1.45
    endloop
  endfacet
  facet normal 0 -1 -0
    outer loop
      vertex 42.95 -32.5 -1.45
      vertex 14.17 -32.5 -5.7
      vertex 42.95 -32.5 -5.7
    endloop
  endfacet
  facet normal 0 -1 0
    outer loop
      vertex 6.55 -32.5 -5.7
      vertex 7.42 -32.5 -1.45
      vertex 6.55 -32.5 -1.45
    endloop
  endfacet
  facet normal 0 -1 -0
    outer loop
      vertex 7.42 -32.5 -1.45
      vertex 6.55 -32.5 -5.7
      vertex 7.42 -32.5 -5.7
    endloop
  endfacet
  facet normal 0 -1 0
    outer loop
      vertex 5.28 -32.5 -5.7
      vertex 6.15 -32.5 -1.45
      vertex 5.28 -32.5 -1.45
    endloop
  endfacet
  facet normal 0 -1 -0
    outer loop
      vertex 6.15 -32.5 -1.45
      vertex 5.28 -32.5 -5.7
      vertex 6.15 -32.5 -5.7
    endloop
  endfacet
  facet normal 0 1 -0
    outer loop
      vertex 6.55 -32.5 -10.9
      vertex 6.15 -32.5 -5.7
      vertex 6.55 -32.5 -5.7
    endloop
  endfacet
  facet normal 0 1 0
    outer loop
      vertex 6.15 -32.5 -5.7
      vertex 6.55 -32.5 -10.9
      vertex 6.15 -32.5 -10.9
    endloop
  endfacet
  facet normal 0 -1 0
    outer loop
      vertex 4.01 -32.5 -5.7
      vertex 4.88 -32.5 -1.45
      vertex 4.01 -32.5 -1.45
    endloop
  endfacet
  facet normal 0 -1 -0
    outer loop
      vertex 4.88 -32.5 -1.45
      vertex 4.01 -32.5 -5.7
      vertex 4.88 -32.5 -5.7
    endloop
  endfacet
  facet normal 0 1 -0
    outer loop
      vertex 5.28 -32.5 -10.9
      vertex 4.88 -32.5 -5.7
      vertex 5.28 -32.5 -5.7
    endloop
  endfacet
  facet normal 0 1 0
    outer loop
      vertex 4.88 -32.5 -5.7
      vertex 5.28 -32.5 -10.9
      vertex 4.88 -32.5 -10.9
    endloop
  endfacet
  facet normal 0 -1 0
    outer loop
      vertex -1.07 -32.5 -5.7
      vertex -0.2 -32.5 -1.45
      vertex -1.07 -32.5 -1.45
    endloop
  endfacet
  facet normal 0 -1 -0
    outer loop
      vertex -0.2 -32.5 -1.45
      vertex -1.07 -32.5 -5.7
      vertex -0.2 -32.5 -5.7
    endloop
  endfacet
  facet normal 0 -1 0
    outer loop
      vertex -2.34 -32.5 -5.7
      vertex -1.47 -32.5 -1.45
      vertex -2.34 -32.5 -1.45
    endloop
  endfacet
  facet normal 0 -1 -0
    outer loop
      vertex -1.47 -32.5 -1.45
      vertex -2.34 -32.5 -5.7
      vertex -1.47 -32.5 -5.7
    endloop
  endfacet
  facet normal 0 1 -0
    outer loop
      vertex -1.07 -32.5 -10.9
      vertex -1.47 -32.5 -5.7
      vertex -1.07 -32.5 -5.7
    endloop
  endfacet
  facet normal 0 1 0
    outer loop
      vertex -1.47 -32.5 -5.7
      vertex -1.07 -32.5 -10.9
      vertex -1.47 -32.5 -10.9
    endloop
  endfacet
  facet normal 0 -1 0
    outer loop
      vertex -3.61 -32.5 -5.7
      vertex -2.74 -32.5 -1.45
      vertex -3.61 -32.5 -1.45
    endloop
  endfacet
  facet normal 0 -1 -0
    outer loop
      vertex -2.74 -32.5 -1.45
      vertex -3.61 -32.5 -5.7
      vertex -2.74 -32.5 -5.7
    endloop
  endfacet
  facet normal 0 1 -0
    outer loop
      vertex -2.34 -32.5 -10.9
      vertex -2.74 -32.5 -5.7
      vertex -2.34 -32.5 -5.7
    endloop
  endfacet
  facet normal 0 1 0
    outer loop
      vertex -2.74 -32.5 -5.7
      vertex -2.34 -32.5 -10.9
      vertex -2.74 -32.5 -10.9
    endloop
  endfacet
  facet normal 0 -1 0
    outer loop
      vertex 10.36 -32.5 -5.7
      vertex 11.23 -32.5 -1.45
      vertex 10.36 -32.5 -1.45
    endloop
  endfacet
  facet normal 0 -1 -0
    outer loop
      vertex 11.23 -32.5 -1.45
      vertex 10.36 -32.5 -5.7
      vertex 11.23 -32.5 -5.7
    endloop
  endfacet
  facet normal 0 -1 0
    outer loop
      vertex 9.09 -32.5 -5.7
      vertex 9.96 -32.5 -1.45
      vertex 9.09 -32.5 -1.45
    endloop
  endfacet
  facet normal 0 -1 -0
    outer loop
      vertex 9.96 -32.5 -1.45
      vertex 9.09 -32.5 -5.7
      vertex 9.96 -32.5 -5.7
    endloop
  endfacet
  facet normal 0 1 -0
    outer loop
      vertex 10.36 -32.5 -10.9
      vertex 9.96 -32.5 -5.7
      vertex 10.36 -32.5 -5.7
    endloop
  endfacet
  facet normal 0 1 0
    outer loop
      vertex 9.96 -32.5 -5.7
      vertex 10.36 -32.5 -10.9
      vertex 9.96 -32.5 -10.9
    endloop
  endfacet
  facet normal 0 -1 0
    outer loop
      vertex -7.42 -32.5 -5.7
      vertex -6.55 -32.5 -1.45
      vertex -7.42 -32.5 -1.45
    endloop
  endfacet
  facet normal 0 -1 -0
    outer loop
      vertex -6.55 -32.5 -1.45
      vertex -7.42 -32.5 -5.7
      vertex -6.55 -32.5 -5.7
    endloop
  endfacet
  facet normal 0 -1 0
    outer loop
      vertex -8.69 -32.5 -5.7
      vertex -7.82 -32.5 -1.45
      vertex -8.69 -32.5 -1.45
    endloop
  endfacet
  facet normal 0 -1 -0
    outer loop
      vertex -7.82 -32.5 -1.45
      vertex -8.69 -32.5 -5.7
      vertex -7.82 -32.5 -5.7
    endloop
  endfacet
  facet normal 0 1 -0
    outer loop
      vertex -7.42 -32.5 -10.9
      vertex -7.82 -32.5 -5.7
      vertex -7.42 -32.5 -5.7
    endloop
  endfacet
  facet normal 0 1 0
    outer loop
      vertex -7.82 -32.5 -5.7
      vertex -7.42 -32.5 -10.9
      vertex -7.82 -32.5 -10.9
    endloop
  endfacet
  facet normal 0 -1 0
    outer loop
      vertex 2.74 -32.5 -5.7
      vertex 3.61 -32.5 -1.45
      vertex 2.74 -32.5 -1.45
    endloop
  endfacet
  facet normal 0 -1 -0
    outer loop
      vertex 3.61 -32.5 -1.45
      vertex 2.74 -32.5 -5.7
      vertex 3.61 -32.5 -5.7
    endloop
  endfacet
  facet normal 0 -1 0
    outer loop
      vertex 1.47 -32.5 -5.7
      vertex 2.34 -32.5 -1.45
      vertex 1.47 -32.5 -1.45
    endloop
  endfacet
  facet normal 0 -1 -0
    outer loop
      vertex 2.34 -32.5 -1.45
      vertex 1.47 -32.5 -5.7
      vertex 2.34 -32.5 -5.7
    endloop
  endfacet
  facet normal 0 1 -0
    outer loop
      vertex 2.74 -32.5 -10.9
      vertex 2.34 -32.5 -5.7
      vertex 2.74 -32.5 -5.7
    endloop
  endfacet
  facet normal 0 1 0
    outer loop
      vertex 2.34 -32.5 -5.7
      vertex 2.74 -32.5 -10.9
      vertex 2.34 -32.5 -10.9
    endloop
  endfacet
  facet normal 0 -1 0
    outer loop
      vertex 11.63 -32.5 -5.7
      vertex 12.5 -32.5 -1.45
      vertex 11.63 -32.5 -1.45
    endloop
  endfacet
  facet normal 0 -1 -0
    outer loop
      vertex 12.5 -32.5 -1.45
      vertex 11.63 -32.5 -5.7
      vertex 12.5 -32.5 -5.7
    endloop
  endfacet
  facet normal 0 1 -0
    outer loop
      vertex 11.63 -32.5 -10.9
      vertex 11.23 -32.5 -5.7
      vertex 11.63 -32.5 -5.7
    endloop
  endfacet
  facet normal 0 1 0
    outer loop
      vertex 11.23 -32.5 -5.7
      vertex 11.63 -32.5 -10.9
      vertex 11.23 -32.5 -10.9
    endloop
  endfacet
  facet normal 0 -1 0
    outer loop
      vertex -4.88 -32.5 -5.7
      vertex -4.01 -32.5 -1.45
      vertex -4.88 -32.5 -1.45
    endloop
  endfacet
  facet normal 0 -1 -0
    outer loop
      vertex -4.01 -32.5 -1.45
      vertex -4.88 -32.5 -5.7
      vertex -4.01 -32.5 -5.7
    endloop
  endfacet
  facet normal 0 -1 0
    outer loop
      vertex -6.15 -32.5 -5.7
      vertex -5.28 -32.5 -1.45
      vertex -6.15 -32.5 -1.45
    endloop
  endfacet
  facet normal 0 -1 -0
    outer loop
      vertex -5.28 -32.5 -1.45
      vertex -6.15 -32.5 -5.7
      vertex -5.28 -32.5 -5.7
    endloop
  endfacet
  facet normal 0 1 -0
    outer loop
      vertex -4.88 -32.5 -10.9
      vertex -5.28 -32.5 -5.7
      vertex -4.88 -32.5 -5.7
    endloop
  endfacet
  facet normal 0 1 0
    outer loop
      vertex -5.28 -32.5 -5.7
      vertex -4.88 -32.5 -10.9
      vertex -5.28 -32.5 -10.9
    endloop
  endfacet
  facet normal 0 -1 0
    outer loop
      vertex -13.77 -32.5 -5.7
      vertex -12.9 -32.5 -1.45
      vertex -13.77 -32.5 -1.45
    endloop
  endfacet
  facet normal 0 -1 -0
    outer loop
      vertex -12.9 -32.5 -1.45
      vertex -13.77 -32.5 -5.7
      vertex -12.9 -32.5 -5.7
    endloop
  endfacet
  facet normal 0 1 -0
    outer loop
      vertex -13.77 -32.5 -10.9
      vertex -14.17 -32.5 -5.7
      vertex -13.77 -32.5 -5.7
    endloop
  endfacet
  facet normal 0 1 0
    outer loop
      vertex -14.17 -32.5 -5.7
      vertex -13.77 -32.5 -10.9
      vertex -14.17 -32.5 -10.9
    endloop
  endfacet
  facet normal 0 -1 0
    outer loop
      vertex -11.23 -32.5 -5.7
      vertex -10.36 -32.5 -1.45
      vertex -11.23 -32.5 -1.45
    endloop
  endfacet
  facet normal 0 -1 -0
    outer loop
      vertex -10.36 -32.5 -1.45
      vertex -11.23 -32.5 -5.7
      vertex -10.36 -32.5 -5.7
    endloop
  endfacet
  facet normal 0 -1 0
    outer loop
      vertex -12.5 -32.5 -5.7
      vertex -11.63 -32.5 -1.45
      vertex -12.5 -32.5 -1.45
    endloop
  endfacet
  facet normal 0 -1 -0
    outer loop
      vertex -11.63 -32.5 -1.45
      vertex -12.5 -32.5 -5.7
      vertex -11.63 -32.5 -5.7
    endloop
  endfacet
  facet normal 0 1 -0
    outer loop
      vertex -11.23 -32.5 -10.9
      vertex -11.63 -32.5 -5.7
      vertex -11.23 -32.5 -5.7
    endloop
  endfacet
  facet normal 0 1 0
    outer loop
      vertex -11.63 -32.5 -5.7
      vertex -11.23 -32.5 -10.9
      vertex -11.63 -32.5 -10.9
    endloop
  endfacet
  facet normal 0 -1 0
    outer loop
      vertex 12.9 -32.5 -5.7
      vertex 13.77 -32.5 -1.45
      vertex 12.9 -32.5 -1.45
    endloop
  endfacet
  facet normal 0 -1 -0
    outer loop
      vertex 13.77 -32.5 -1.45
      vertex 12.9 -32.5 -5.7
      vertex 13.77 -32.5 -5.7
    endloop
  endfacet
  facet normal 0 1 -0
    outer loop
      vertex 14.17 -32.5 -10.9
      vertex 13.77 -32.5 -5.7
      vertex 14.17 -32.5 -5.7
    endloop
  endfacet
  facet normal 0 1 0
    outer loop
      vertex 13.77 -32.5 -5.7
      vertex 14.17 -32.5 -10.9
      vertex 13.77 -32.5 -10.9
    endloop
  endfacet
  facet normal 0 1 -0
    outer loop
      vertex 12.9 -32.5 -10.9
      vertex 12.5 -32.5 -5.7
      vertex 12.9 -32.5 -5.7
    endloop
  endfacet
  facet normal 0 1 0
    outer loop
      vertex 12.5 -32.5 -5.7
      vertex 12.9 -32.5 -10.9
      vertex 12.5 -32.5 -10.9
    endloop
  endfacet
  facet normal 0 -1 0
    outer loop
      vertex -9.96 -32.5 -5.7
      vertex -9.09 -32.5 -1.45
      vertex -9.96 -32.5 -1.45
    endloop
  endfacet
  facet normal 0 -1 -0
    outer loop
      vertex -9.09 -32.5 -1.45
      vertex -9.96 -32.5 -5.7
      vertex -9.09 -32.5 -5.7
    endloop
  endfacet
  facet normal 0 1 -0
    outer loop
      vertex -9.96 -32.5 -10.9
      vertex -10.36 -32.5 -5.7
      vertex -9.96 -32.5 -5.7
    endloop
  endfacet
  facet normal 0 1 0
    outer loop
      vertex -10.36 -32.5 -5.7
      vertex -9.96 -32.5 -10.9
      vertex -10.36 -32.5 -10.9
    endloop
  endfacet
  facet normal 0 1 -0
    outer loop
      vertex -3.61 -32.5 -10.9
      vertex -4.01 -32.5 -5.7
      vertex -3.61 -32.5 -5.7
    endloop
  endfacet
  facet normal 0 1 0
    outer loop
      vertex -4.01 -32.5 -5.7
      vertex -3.61 -32.5 -10.9
      vertex -4.01 -32.5 -10.9
    endloop
  endfacet
  facet normal 0 -1 0
    outer loop
      vertex 0.199999 -32.5 -5.7
      vertex 1.07 -32.5 -1.45
      vertex 0.199999 -32.5 -1.45
    endloop
  endfacet
  facet normal 0 -1 -0
    outer loop
      vertex 1.07 -32.5 -1.45
      vertex 0.199999 -32.5 -5.7
      vertex 1.07 -32.5 -5.7
    endloop
  endfacet
  facet normal 0 1 -0
    outer loop
      vertex 1.47 -32.5 -10.9
      vertex 1.07 -32.5 -5.7
      vertex 1.47 -32.5 -5.7
    endloop
  endfacet
  facet normal 0 1 0
    outer loop
      vertex 1.07 -32.5 -5.7
      vertex 1.47 -32.5 -10.9
      vertex 1.07 -32.5 -10.9
    endloop
  endfacet
  facet normal 0 -1 0
    outer loop
      vertex 7.82 -32.5 -5.7
      vertex 8.69 -32.5 -1.45
      vertex 7.82 -32.5 -1.45
    endloop
  endfacet
  facet normal 0 -1 -0
    outer loop
      vertex 8.69 -32.5 -1.45
      vertex 7.82 -32.5 -5.7
      vertex 8.69 -32.5 -5.7
    endloop
  endfacet
  facet normal 0 1 -0
    outer loop
      vertex 9.09 -32.5 -10.9
      vertex 8.69 -32.5 -5.7
      vertex 9.09 -32.5 -5.7
    endloop
  endfacet
  facet normal 0 1 0
    outer loop
      vertex 8.69 -32.5 -5.7
      vertex 9.09 -32.5 -10.9
      vertex 8.69 -32.5 -10.9
    endloop
  endfacet
  facet normal 0 1 -0
    outer loop
      vertex -12.5 -32.5 -10.9
      vertex -12.9 -32.5 -5.7
      vertex -12.5 -32.5 -5.7
    endloop
  endfacet
  facet normal 0 1 0
    outer loop
      vertex -12.9 -32.5 -5.7
      vertex -12.5 -32.5 -10.9
      vertex -12.9 -32.5 -10.9
    endloop
  endfacet
  facet normal 0 1 -0
    outer loop
      vertex -8.69 -32.5 -10.9
      vertex -9.09 -32.5 -5.7
      vertex -8.69 -32.5 -5.7
    endloop
  endfacet
  facet normal 0 1 0
    outer loop
      vertex -9.09 -32.5 -5.7
      vertex -8.69 -32.5 -10.9
      vertex -9.09 -32.5 -10.9
    endloop
  endfacet
  facet normal 0 1 -0
    outer loop
      vertex 0.199999 -32.5 -10.9
      vertex -0.2 -32.5 -5.7
      vertex 0.199999 -32.5 -5.7
    endloop
  endfacet
  facet normal 0 1 0
    outer loop
      vertex -0.2 -32.5 -5.7
      vertex 0.199999 -32.5 -10.9
      vertex -0.2 -32.5 -10.9
    endloop
  endfacet
  facet normal 0 1 -0
    outer loop
      vertex 7.82 -32.5 -10.9
      vertex 7.42 -32.5 -5.7
      vertex 7.82 -32.5 -5.7
    endloop
  endfacet
  facet normal 0 1 0
    outer loop
      vertex 7.42 -32.5 -5.7
      vertex 7.82 -32.5 -10.9
      vertex 7.42 -32.5 -10.9
    endloop
  endfacet
  facet normal 0 1 -0
    outer loop
      vertex -6.15 -32.5 -10.9
      vertex -6.55 -32.5 -5.7
      vertex -6.15 -32.5 -5.7
    endloop
  endfacet
  facet normal 0 1 0
    outer loop
      vertex -6.55 -32.5 -5.7
      vertex -6.15 -32.5 -10.9
      vertex -6.55 -32.5 -10.9
    endloop
  endfacet
  facet normal 0 1 -0
    outer loop
      vertex 4.01 -32.5 -10.9
      vertex 3.61 -32.5 -5.7
      vertex 4.01 -32.5 -5.7
    endloop
  endfacet
  facet normal 0 1 0
    outer loop
      vertex 3.61 -32.5 -5.7
      vertex 4.01 -32.5 -10.9
      vertex 3.61 -32.5 -10.9
    endloop
  endfacet
  facet normal -1 0 0
    outer loop
      vertex 48 -32.49 -1.45
      vertex 48 -24.5 0
      vertex 48 -24.5 -1.45
    endloop
  endfacet
  facet normal -1 -0 0
    outer loop
      vertex 48 -24.5 0
      vertex 48 -32.49 -1.45
      vertex 48 -32.49 0
    endloop
  endfacet
  facet normal 1 -0 0
    outer loop
      vertex 48 1.025 0
      vertex 48 9.675 -1.85
      vertex 48 9.675 0
    endloop
  endfacet
  facet normal 1 0 0
    outer loop
      vertex 48 9.675 -1.85
      vertex 48 1.025 0
      vertex 48 1.025 -1.85
    endloop
  endfacet
  facet normal 1 -0 0
    outer loop
      vertex -48 -32.49 0
      vertex -48 -24.5 -1.45
      vertex -48 -24.5 0
    endloop
  endfacet
  facet normal 1 0 0
    outer loop
      vertex -48 -24.5 -1.45
      vertex -48 -32.49 0
      vertex -48 -32.49 -1.45
    endloop
  endfacet
  facet normal -1 0 0
    outer loop
      vertex -48 1.025 -1.85
      vertex -48 9.675 0
      vertex -48 9.675 -1.85
    endloop
  endfacet
  facet normal -1 -0 0
    outer loop
      vertex -48 9.675 0
      vertex -48 1.025 -1.85
      vertex -48 1.025 0
    endloop
  endfacet
  facet normal 0.773176 0.634191 0
    outer loop
      vertex -49.1523 0.547702 0
      vertex -49.2362 0.649989 -1.85
      vertex -49.2362 0.649989 0
    endloop
  endfacet
  facet normal 0.773176 0.634191 0
    outer loop
      vertex -49.2362 0.649989 -1.85
      vertex -49.1523 0.547702 0
      vertex -49.1523 0.547702 -1.85
    endloop
  endfacet
  facet normal -0.956961 -0.290217 0
    outer loop
      vertex -48.013 9.80669 -1.85
      vertex -48.0514 9.93331 0
      vertex -48.0514 9.93331 -1.85
    endloop
  endfacet
  facet normal -0.956961 -0.290217 0
    outer loop
      vertex -48.0514 9.93331 0
      vertex -48.013 9.80669 -1.85
      vertex -48.013 9.80669 0
    endloop
  endfacet
  facet normal -0.773176 0.634191 0
    outer loop
      vertex -48.1977 0.547702 -1.85
      vertex -48.1138 0.649989 0
      vertex -48.1138 0.649989 -1.85
    endloop
  endfacet
  facet normal -0.773176 0.634191 0
    outer loop
      vertex -48.1138 0.649989 0
      vertex -48.1977 0.547702 -1.85
      vertex -48.1977 0.547702 0
    endloop
  endfacet
  facet normal -0.634342 0.773053 0
    outer loop
      vertex -48.1977 0.547702 -1.85
      vertex -48.3 0.463758 0
      vertex -48.1977 0.547702 0
    endloop
  endfacet
  facet normal -0.634342 0.773053 0
    outer loop
      vertex -48.3 0.463758 0
      vertex -48.1977 0.547702 -1.85
      vertex -48.3 0.463758 -1.85
    endloop
  endfacet
  facet normal -0.290335 0.956925 0
    outer loop
      vertex -48.4167 0.401381 -1.85
      vertex -48.5433 0.36297 0
      vertex -48.4167 0.401381 0
    endloop
  endfacet
  facet normal -0.290335 0.956925 0
    outer loop
      vertex -48.5433 0.36297 0
      vertex -48.4167 0.401381 -1.85
      vertex -48.5433 0.36297 -1.85
    endloop
  endfacet
  facet normal -0.995163 0.0982421 0
    outer loop
      vertex -48.013 0.893314 -1.85
      vertex -48 1.025 0
      vertex -48 1.025 -1.85
    endloop
  endfacet
  facet normal -0.995163 0.0982421 0
    outer loop
      vertex -48 1.025 0
      vertex -48.013 0.893314 -1.85
      vertex -48.013 0.893314 0
    endloop
  endfacet
  facet normal 0.956961 -0.290217 0
    outer loop
      vertex -49.337 9.80669 0
      vertex -49.2986 9.93331 -1.85
      vertex -49.2986 9.93331 0
    endloop
  endfacet
  facet normal 0.956961 -0.290217 0
    outer loop
      vertex -49.2986 9.93331 -1.85
      vertex -49.337 9.80669 0
      vertex -49.337 9.80669 -1.85
    endloop
  endfacet
  facet normal -0.773216 -0.634143 0
    outer loop
      vertex -48.1138 10.05 -1.85
      vertex -48.1977 10.1523 0
      vertex -48.1977 10.1523 -1.85
    endloop
  endfacet
  facet normal -0.773216 -0.634143 0
    outer loop
      vertex -48.1977 10.1523 0
      vertex -48.1138 10.05 -1.85
      vertex -48.1138 10.05 0
    endloop
  endfacet
  facet normal 0.881849 0.471532 0
    outer loop
      vertex -49.2362 0.649989 0
      vertex -49.2986 0.766688 -1.85
      vertex -49.2986 0.766688 0
    endloop
  endfacet
  facet normal 0.881849 0.471532 0
    outer loop
      vertex -49.2986 0.766688 -1.85
      vertex -49.2362 0.649989 0
      vertex -49.2362 0.649989 -1.85
    endloop
  endfacet
  facet normal 0.634143 -0.773216 0
    outer loop
      vertex -49.1523 10.1523 -1.85
      vertex -49.05 10.2362 0
      vertex -49.1523 10.1523 0
    endloop
  endfacet
  facet normal 0.634143 -0.773216 0
    outer loop
      vertex -49.05 10.2362 0
      vertex -49.1523 10.1523 -1.85
      vertex -49.05 10.2362 -1.85
    endloop
  endfacet
  facet normal 0.471529 -0.88185 0
    outer loop
      vertex -49.05 10.2362 -1.85
      vertex -48.9333 10.2986 0
      vertex -49.05 10.2362 0
    endloop
  endfacet
  facet normal 0.471529 -0.88185 0
    outer loop
      vertex -48.9333 10.2986 0
      vertex -49.05 10.2362 -1.85
      vertex -48.9333 10.2986 -1.85
    endloop
  endfacet
  facet normal 0.773216 -0.634143 0
    outer loop
      vertex -49.2362 10.05 0
      vertex -49.1523 10.1523 -1.85
      vertex -49.1523 10.1523 0
    endloop
  endfacet
  facet normal 0.773216 -0.634143 0
    outer loop
      vertex -49.1523 10.1523 -1.85
      vertex -49.2362 10.05 0
      vertex -49.2362 10.05 -1.85
    endloop
  endfacet
  facet normal -0.290259 -0.956948 0
    outer loop
      vertex -48.5433 10.337 -1.85
      vertex -48.4167 10.2986 0
      vertex -48.5433 10.337 0
    endloop
  endfacet
  facet normal -0.290259 -0.956948 -0
    outer loop
      vertex -48.4167 10.2986 0
      vertex -48.5433 10.337 -1.85
      vertex -48.4167 10.2986 -1.85
    endloop
  endfacet
  facet normal 0.881834 -0.471561 0
    outer loop
      vertex -49.2986 9.93331 0
      vertex -49.2362 10.05 -1.85
      vertex -49.2362 10.05 0
    endloop
  endfacet
  facet normal 0.881834 -0.471561 0
    outer loop
      vertex -49.2362 10.05 -1.85
      vertex -49.2986 9.93331 0
      vertex -49.2986 9.93331 -1.85
    endloop
  endfacet
  facet normal -0.956965 0.290205 0
    outer loop
      vertex -48.0514 0.766688 -1.85
      vertex -48.013 0.893314 0
      vertex -48.013 0.893314 -1.85
    endloop
  endfacet
  facet normal -0.956965 0.290205 0
    outer loop
      vertex -48.013 0.893314 0
      vertex -48.0514 0.766688 -1.85
      vertex -48.0514 0.766688 0
    endloop
  endfacet
  facet normal -0.995163 -0.0982392 0
    outer loop
      vertex -48 9.675 -1.85
      vertex -48.013 9.80669 0
      vertex -48.013 9.80669 -1.85
    endloop
  endfacet
  facet normal -0.995163 -0.0982392 0
    outer loop
      vertex -48.013 9.80669 0
      vertex -48 9.675 -1.85
      vertex -48 9.675 0
    endloop
  endfacet
  facet normal 0.471394 0.881923 -0
    outer loop
      vertex -48.9333 0.401381 -1.85
      vertex -49.05 0.463758 0
      vertex -48.9333 0.401381 0
    endloop
  endfacet
  facet normal 0.471394 0.881923 0
    outer loop
      vertex -49.05 0.463758 0
      vertex -48.9333 0.401381 -1.85
      vertex -49.05 0.463758 -1.85
    endloop
  endfacet
  facet normal -0.881849 0.471532 0
    outer loop
      vertex -48.1138 0.649989 -1.85
      vertex -48.0514 0.766688 0
      vertex -48.0514 0.766688 -1.85
    endloop
  endfacet
  facet normal -0.881849 0.471532 0
    outer loop
      vertex -48.0514 0.766688 0
      vertex -48.1138 0.649989 -1.85
      vertex -48.1138 0.649989 0
    endloop
  endfacet
  facet normal -0.0980073 0.995186 0
    outer loop
      vertex -48.5433 0.36297 -1.85
      vertex -48.675 0.35 0
      vertex -48.5433 0.36297 0
    endloop
  endfacet
  facet normal -0.0980073 0.995186 0
    outer loop
      vertex -48.675 0.35 0
      vertex -48.5433 0.36297 -1.85
      vertex -48.675 0.35 -1.85
    endloop
  endfacet
  facet normal 0.995163 -0.0982392 0
    outer loop
      vertex -49.35 9.675 0
      vertex -49.337 9.80669 -1.85
      vertex -49.337 9.80669 0
    endloop
  endfacet
  facet normal 0.995163 -0.0982392 0
    outer loop
      vertex -49.337 9.80669 -1.85
      vertex -49.35 9.675 0
      vertex -49.35 9.675 -1.85
    endloop
  endfacet
  facet normal -0.471394 0.881923 0
    outer loop
      vertex -48.3 0.463758 -1.85
      vertex -48.4167 0.401381 0
      vertex -48.3 0.463758 0
    endloop
  endfacet
  facet normal -0.471394 0.881923 0
    outer loop
      vertex -48.4167 0.401381 0
      vertex -48.3 0.463758 -1.85
      vertex -48.4167 0.401381 -1.85
    endloop
  endfacet
  facet normal 0.290259 -0.956948 0
    outer loop
      vertex -48.9333 10.2986 -1.85
      vertex -48.8067 10.337 0
      vertex -48.9333 10.2986 0
    endloop
  endfacet
  facet normal 0.290259 -0.956948 0
    outer loop
      vertex -48.8067 10.337 0
      vertex -48.9333 10.2986 -1.85
      vertex -48.8067 10.337 -1.85
    endloop
  endfacet
  facet normal -0.881834 -0.471561 0
    outer loop
      vertex -48.0514 9.93331 -1.85
      vertex -48.1138 10.05 0
      vertex -48.1138 10.05 -1.85
    endloop
  endfacet
  facet normal -0.881834 -0.471561 0
    outer loop
      vertex -48.1138 10.05 0
      vertex -48.0514 9.93331 -1.85
      vertex -48.0514 9.93331 0
    endloop
  endfacet
  facet normal -0.0982318 -0.995164 0
    outer loop
      vertex -48.675 10.35 -1.85
      vertex -48.5433 10.337 0
      vertex -48.675 10.35 0
    endloop
  endfacet
  facet normal -0.0982318 -0.995164 -0
    outer loop
      vertex -48.5433 10.337 0
      vertex -48.675 10.35 -1.85
      vertex -48.5433 10.337 -1.85
    endloop
  endfacet
  facet normal 0.0980073 0.995186 -0
    outer loop
      vertex -48.675 0.35 -1.85
      vertex -48.8067 0.36297 0
      vertex -48.675 0.35 0
    endloop
  endfacet
  facet normal 0.0980073 0.995186 0
    outer loop
      vertex -48.8067 0.36297 0
      vertex -48.675 0.35 -1.85
      vertex -48.8067 0.36297 -1.85
    endloop
  endfacet
  facet normal -0.634143 -0.773216 0
    outer loop
      vertex -48.3 10.2362 -1.85
      vertex -48.1977 10.1523 0
      vertex -48.3 10.2362 0
    endloop
  endfacet
  facet normal -0.634143 -0.773216 -0
    outer loop
      vertex -48.1977 10.1523 0
      vertex -48.3 10.2362 -1.85
      vertex -48.1977 10.1523 -1.85
    endloop
  endfacet
  facet normal 0.0982318 -0.995164 0
    outer loop
      vertex -48.8067 10.337 -1.85
      vertex -48.675 10.35 0
      vertex -48.8067 10.337 0
    endloop
  endfacet
  facet normal 0.0982318 -0.995164 0
    outer loop
      vertex -48.675 10.35 0
      vertex -48.8067 10.337 -1.85
      vertex -48.675 10.35 -1.85
    endloop
  endfacet
  facet normal 0.634342 0.773053 -0
    outer loop
      vertex -49.05 0.463758 -1.85
      vertex -49.1523 0.547702 0
      vertex -49.05 0.463758 0
    endloop
  endfacet
  facet normal 0.634342 0.773053 0
    outer loop
      vertex -49.1523 0.547702 0
      vertex -49.05 0.463758 -1.85
      vertex -49.1523 0.547702 -1.85
    endloop
  endfacet
  facet normal 0.956965 0.290205 0
    outer loop
      vertex -49.2986 0.766688 0
      vertex -49.337 0.893314 -1.85
      vertex -49.337 0.893314 0
    endloop
  endfacet
  facet normal 0.956965 0.290205 0
    outer loop
      vertex -49.337 0.893314 -1.85
      vertex -49.2986 0.766688 0
      vertex -49.2986 0.766688 -1.85
    endloop
  endfacet
  facet normal 0.290335 0.956925 -0
    outer loop
      vertex -48.8067 0.36297 -1.85
      vertex -48.9333 0.401381 0
      vertex -48.8067 0.36297 0
    endloop
  endfacet
  facet normal 0.290335 0.956925 0
    outer loop
      vertex -48.9333 0.401381 0
      vertex -48.8067 0.36297 -1.85
      vertex -48.9333 0.401381 -1.85
    endloop
  endfacet
  facet normal -0.471529 -0.88185 0
    outer loop
      vertex -48.4167 10.2986 -1.85
      vertex -48.3 10.2362 0
      vertex -48.4167 10.2986 0
    endloop
  endfacet
  facet normal -0.471529 -0.88185 -0
    outer loop
      vertex -48.3 10.2362 0
      vertex -48.4167 10.2986 -1.85
      vertex -48.3 10.2362 -1.85
    endloop
  endfacet
  facet normal 0.995163 0.0982421 0
    outer loop
      vertex -49.337 0.893314 0
      vertex -49.35 1.025 -1.85
      vertex -49.35 1.025 0
    endloop
  endfacet
  facet normal 0.995163 0.0982421 0
    outer loop
      vertex -49.35 1.025 -1.85
      vertex -49.337 0.893314 0
      vertex -49.337 0.893314 -1.85
    endloop
  endfacet
  facet normal 0 0 1
    outer loop
      vertex -49.35 9.675 -1.85
      vertex -48 9.675 -1.85
      vertex -48.013 9.80669 -1.85
    endloop
  endfacet
  facet normal 0 0 1
    outer loop
      vertex -48 9.675 -1.85
      vertex -49.35 9.675 -1.85
      vertex -48 1.025 -1.85
    endloop
  endfacet
  facet normal 0 0 1
    outer loop
      vertex -49.35 9.675 -1.85
      vertex -48.013 9.80669 -1.85
      vertex -48.0514 9.93331 -1.85
    endloop
  endfacet
  facet normal 0 0 1
    outer loop
      vertex -49.35 1.025 -1.85
      vertex -48 1.025 -1.85
      vertex -49.35 9.675 -1.85
    endloop
  endfacet
  facet normal 0 0 1
    outer loop
      vertex -49.35 9.675 -1.85
      vertex -48.0514 9.93331 -1.85
      vertex -48.1138 10.05 -1.85
    endloop
  endfacet
  facet normal 0 0 1
    outer loop
      vertex -48 1.025 -1.85
      vertex -49.35 1.025 -1.85
      vertex -48.013 0.893314 -1.85
    endloop
  endfacet
  facet normal 0 0 1
    outer loop
      vertex -49.35 9.675 -1.85
      vertex -48.1138 10.05 -1.85
      vertex -48.1977 10.1523 -1.85
    endloop
  endfacet
  facet normal 0 0 1
    outer loop
      vertex -48.013 0.893314 -1.85
      vertex -49.35 1.025 -1.85
      vertex -48.0514 0.766688 -1.85
    endloop
  endfacet
  facet normal 0 0 1
    outer loop
      vertex -49.35 9.675 -1.85
      vertex -48.1977 10.1523 -1.85
      vertex -48.3 10.2362 -1.85
    endloop
  endfacet
  facet normal 0 0 1
    outer loop
      vertex -48.0514 0.766688 -1.85
      vertex -49.35 1.025 -1.85
      vertex -48.1138 0.649989 -1.85
    endloop
  endfacet
  facet normal 0 0 1
    outer loop
      vertex -49.35 9.675 -1.85
      vertex -48.3 10.2362 -1.85
      vertex -48.4167 10.2986 -1.85
    endloop
  endfacet
  facet normal 0 0 1
    outer loop
      vertex -48.1138 0.649989 -1.85
      vertex -49.35 1.025 -1.85
      vertex -48.1977 0.547702 -1.85
    endloop
  endfacet
  facet normal 0 0 1
    outer loop
      vertex -49.35 9.675 -1.85
      vertex -48.4167 10.2986 -1.85
      vertex -48.5433 10.337 -1.85
    endloop
  endfacet
  facet normal 0 0 1
    outer loop
      vertex -48.1977 0.547702 -1.85
      vertex -49.35 1.025 -1.85
      vertex -48.3 0.463758 -1.85
    endloop
  endfacet
  facet normal 0 0 1
    outer loop
      vertex -49.35 9.675 -1.85
      vertex -48.5433 10.337 -1.85
      vertex -48.675 10.35 -1.85
    endloop
  endfacet
  facet normal 0 0 1
    outer loop
      vertex -48.3 0.463758 -1.85
      vertex -49.35 1.025 -1.85
      vertex -48.4167 0.401381 -1.85
    endloop
  endfacet
  facet normal 0 0 1
    outer loop
      vertex -49.35 9.675 -1.85
      vertex -48.675 10.35 -1.85
      vertex -48.8067 10.337 -1.85
    endloop
  endfacet
  facet normal 0 0 1
    outer loop
      vertex -48.4167 0.401381 -1.85
      vertex -49.35 1.025 -1.85
      vertex -48.5433 0.36297 -1.85
    endloop
  endfacet
  facet normal 0 0 1
    outer loop
      vertex -49.35 9.675 -1.85
      vertex -48.8067 10.337 -1.85
      vertex -48.9333 10.2986 -1.85
    endloop
  endfacet
  facet normal 0 0 1
    outer loop
      vertex -48.5433 0.36297 -1.85
      vertex -49.35 1.025 -1.85
      vertex -48.675 0.35 -1.85
    endloop
  endfacet
  facet normal 0 0 1
    outer loop
      vertex -49.35 9.675 -1.85
      vertex -48.9333 10.2986 -1.85
      vertex -49.05 10.2362 -1.85
    endloop
  endfacet
  facet normal 0 0 1
    outer loop
      vertex -48.675 0.35 -1.85
      vertex -49.35 1.025 -1.85
      vertex -48.8067 0.36297 -1.85
    endloop
  endfacet
  facet normal 0 0 1
    outer loop
      vertex -49.35 9.675 -1.85
      vertex -49.05 10.2362 -1.85
      vertex -49.1523 10.1523 -1.85
    endloop
  endfacet
  facet normal 0 0 1
    outer loop
      vertex -48.8067 0.36297 -1.85
      vertex -49.35 1.025 -1.85
      vertex -48.9333 0.401381 -1.85
    endloop
  endfacet
  facet normal 0 0 1
    outer loop
      vertex -49.35 9.675 -1.85
      vertex -49.1523 10.1523 -1.85
      vertex -49.2362 10.05 -1.85
    endloop
  endfacet
  facet normal 0 0 1
    outer loop
      vertex -48.9333 0.401381 -1.85
      vertex -49.35 1.025 -1.85
      vertex -49.05 0.463758 -1.85
    endloop
  endfacet
  facet normal 0 0 1
    outer loop
      vertex -49.35 9.675 -1.85
      vertex -49.2362 10.05 -1.85
      vertex -49.2986 9.93331 -1.85
    endloop
  endfacet
  facet normal 0 0 1
    outer loop
      vertex -49.05 0.463758 -1.85
      vertex -49.35 1.025 -1.85
      vertex -49.1523 0.547702 -1.85
    endloop
  endfacet
  facet normal 0 0 1
    outer loop
      vertex -49.35 9.675 -1.85
      vertex -49.2986 9.93331 -1.85
      vertex -49.337 9.80669 -1.85
    endloop
  endfacet
  facet normal 0 0 1
    outer loop
      vertex -49.1523 0.547702 -1.85
      vertex -49.35 1.025 -1.85
      vertex -49.2362 0.649989 -1.85
    endloop
  endfacet
  facet normal 0 0 1
    outer loop
      vertex -49.2362 0.649989 -1.85
      vertex -49.35 1.025 -1.85
      vertex -49.2986 0.766688 -1.85
    endloop
  endfacet
  facet normal 0 0 1
    outer loop
      vertex -49.2986 0.766688 -1.85
      vertex -49.35 1.025 -1.85
      vertex -49.337 0.893314 -1.85
    endloop
  endfacet
  facet normal 0.881834 -0.471561 0
    outer loop
      vertex 48.0514 9.93331 0
      vertex 48.1138 10.05 -1.85
      vertex 48.1138 10.05 0
    endloop
  endfacet
  facet normal 0.881834 -0.471561 0
    outer loop
      vertex 48.1138 10.05 -1.85
      vertex 48.0514 9.93331 0
      vertex 48.0514 9.93331 -1.85
    endloop
  endfacet
  facet normal 0.995163 0.0982421 0
    outer loop
      vertex 48.013 0.893314 0
      vertex 48 1.025 -1.85
      vertex 48 1.025 0
    endloop
  endfacet
  facet normal 0.995163 0.0982421 0
    outer loop
      vertex 48 1.025 -1.85
      vertex 48.013 0.893314 0
      vertex 48.013 0.893314 -1.85
    endloop
  endfacet
  facet normal -0.995163 -0.0982392 0
    outer loop
      vertex 49.35 9.675 -1.85
      vertex 49.337 9.80669 0
      vertex 49.337 9.80669 -1.85
    endloop
  endfacet
  facet normal -0.995163 -0.0982392 0
    outer loop
      vertex 49.337 9.80669 0
      vertex 49.35 9.675 -1.85
      vertex 49.35 9.675 0
    endloop
  endfacet
  facet normal -0.0980073 0.995186 0
    outer loop
      vertex 48.8067 0.36297 -1.85
      vertex 48.675 0.35 0
      vertex 48.8067 0.36297 0
    endloop
  endfacet
  facet normal -0.0980073 0.995186 0
    outer loop
      vertex 48.675 0.35 0
      vertex 48.8067 0.36297 -1.85
      vertex 48.675 0.35 -1.85
    endloop
  endfacet
  facet normal -0.881849 0.471532 0
    outer loop
      vertex 49.2362 0.649989 -1.85
      vertex 49.2986 0.766688 0
      vertex 49.2986 0.766688 -1.85
    endloop
  endfacet
  facet normal -0.881849 0.471532 0
    outer loop
      vertex 49.2986 0.766688 0
      vertex 49.2362 0.649989 -1.85
      vertex 49.2362 0.649989 0
    endloop
  endfacet
  facet normal 0.881849 0.471532 0
    outer loop
      vertex 48.1138 0.649989 0
      vertex 48.0514 0.766688 -1.85
      vertex 48.0514 0.766688 0
    endloop
  endfacet
  facet normal 0.881849 0.471532 0
    outer loop
      vertex 48.0514 0.766688 -1.85
      vertex 48.1138 0.649989 0
      vertex 48.1138 0.649989 -1.85
    endloop
  endfacet
  facet normal -0.773176 0.634191 0
    outer loop
      vertex 49.1523 0.547702 -1.85
      vertex 49.2362 0.649989 0
      vertex 49.2362 0.649989 -1.85
    endloop
  endfacet
  facet normal -0.773176 0.634191 0
    outer loop
      vertex 49.2362 0.649989 0
      vertex 49.1523 0.547702 -1.85
      vertex 49.1523 0.547702 0
    endloop
  endfacet
  facet normal 0.290335 0.956925 -0
    outer loop
      vertex 48.5433 0.36297 -1.85
      vertex 48.4167 0.401381 0
      vertex 48.5433 0.36297 0
    endloop
  endfacet
  facet normal 0.290335 0.956925 0
    outer loop
      vertex 48.4167 0.401381 0
      vertex 48.5433 0.36297 -1.85
      vertex 48.4167 0.401381 -1.85
    endloop
  endfacet
  facet normal -0.995163 0.0982421 0
    outer loop
      vertex 49.337 0.893314 -1.85
      vertex 49.35 1.025 0
      vertex 49.35 1.025 -1.85
    endloop
  endfacet
  facet normal -0.995163 0.0982421 0
    outer loop
      vertex 49.35 1.025 0
      vertex 49.337 0.893314 -1.85
      vertex 49.337 0.893314 0
    endloop
  endfacet
  facet normal 0.634342 0.773053 -0
    outer loop
      vertex 48.3 0.463758 -1.85
      vertex 48.1977 0.547702 0
      vertex 48.3 0.463758 0
    endloop
  endfacet
  facet normal 0.634342 0.773053 0
    outer loop
      vertex 48.1977 0.547702 0
      vertex 48.3 0.463758 -1.85
      vertex 48.1977 0.547702 -1.85
    endloop
  endfacet
  facet normal 0.471394 0.881923 -0
    outer loop
      vertex 48.4167 0.401381 -1.85
      vertex 48.3 0.463758 0
      vertex 48.4167 0.401381 0
    endloop
  endfacet
  facet normal 0.471394 0.881923 0
    outer loop
      vertex 48.3 0.463758 0
      vertex 48.4167 0.401381 -1.85
      vertex 48.3 0.463758 -1.85
    endloop
  endfacet
  facet normal 0.956965 0.290205 0
    outer loop
      vertex 48.0514 0.766688 0
      vertex 48.013 0.893314 -1.85
      vertex 48.013 0.893314 0
    endloop
  endfacet
  facet normal 0.956965 0.290205 0
    outer loop
      vertex 48.013 0.893314 -1.85
      vertex 48.0514 0.766688 0
      vertex 48.0514 0.766688 -1.85
    endloop
  endfacet
  facet normal 0.290259 -0.956948 0
    outer loop
      vertex 48.4167 10.2986 -1.85
      vertex 48.5433 10.337 0
      vertex 48.4167 10.2986 0
    endloop
  endfacet
  facet normal 0.290259 -0.956948 0
    outer loop
      vertex 48.5433 10.337 0
      vertex 48.4167 10.2986 -1.85
      vertex 48.5433 10.337 -1.85
    endloop
  endfacet
  facet normal 0.956961 -0.290217 0
    outer loop
      vertex 48.013 9.80669 0
      vertex 48.0514 9.93331 -1.85
      vertex 48.0514 9.93331 0
    endloop
  endfacet
  facet normal 0.956961 -0.290217 0
    outer loop
      vertex 48.0514 9.93331 -1.85
      vertex 48.013 9.80669 0
      vertex 48.013 9.80669 -1.85
    endloop
  endfacet
  facet normal -0.956965 0.290205 0
    outer loop
      vertex 49.2986 0.766688 -1.85
      vertex 49.337 0.893314 0
      vertex 49.337 0.893314 -1.85
    endloop
  endfacet
  facet normal -0.956965 0.290205 0
    outer loop
      vertex 49.337 0.893314 0
      vertex 49.2986 0.766688 -1.85
      vertex 49.2986 0.766688 0
    endloop
  endfacet
  facet normal -0.290335 0.956925 0
    outer loop
      vertex 48.9333 0.401381 -1.85
      vertex 48.8067 0.36297 0
      vertex 48.9333 0.401381 0
    endloop
  endfacet
  facet normal -0.290335 0.956925 0
    outer loop
      vertex 48.8067 0.36297 0
      vertex 48.9333 0.401381 -1.85
      vertex 48.8067 0.36297 -1.85
    endloop
  endfacet
  facet normal -0.0982318 -0.995164 0
    outer loop
      vertex 48.675 10.35 -1.85
      vertex 48.8067 10.337 0
      vertex 48.675 10.35 0
    endloop
  endfacet
  facet normal -0.0982318 -0.995164 -0
    outer loop
      vertex 48.8067 10.337 0
      vertex 48.675 10.35 -1.85
      vertex 48.8067 10.337 -1.85
    endloop
  endfacet
  facet normal 0.0980073 0.995186 -0
    outer loop
      vertex 48.675 0.35 -1.85
      vertex 48.5433 0.36297 0
      vertex 48.675 0.35 0
    endloop
  endfacet
  facet normal 0.0980073 0.995186 0
    outer loop
      vertex 48.5433 0.36297 0
      vertex 48.675 0.35 -1.85
      vertex 48.5433 0.36297 -1.85
    endloop
  endfacet
  facet normal 0.773176 0.634191 0
    outer loop
      vertex 48.1977 0.547702 0
      vertex 48.1138 0.649989 -1.85
      vertex 48.1138 0.649989 0
    endloop
  endfacet
  facet normal 0.773176 0.634191 0
    outer loop
      vertex 48.1138 0.649989 -1.85
      vertex 48.1977 0.547702 0
      vertex 48.1977 0.547702 -1.85
    endloop
  endfacet
  facet normal -0.290259 -0.956948 0
    outer loop
      vertex 48.8067 10.337 -1.85
      vertex 48.9333 10.2986 0
      vertex 48.8067 10.337 0
    endloop
  endfacet
  facet normal -0.290259 -0.956948 -0
    outer loop
      vertex 48.9333 10.2986 0
      vertex 48.8067 10.337 -1.85
      vertex 48.9333 10.2986 -1.85
    endloop
  endfacet
  facet normal 0.995163 -0.0982392 0
    outer loop
      vertex 48 9.675 0
      vertex 48.013 9.80669 -1.85
      vertex 48.013 9.80669 0
    endloop
  endfacet
  facet normal 0.995163 -0.0982392 0
    outer loop
      vertex 48.013 9.80669 -1.85
      vertex 48 9.675 0
      vertex 48 9.675 -1.85
    endloop
  endfacet
  facet normal -0.471394 0.881923 0
    outer loop
      vertex 49.05 0.463758 -1.85
      vertex 48.9333 0.401381 0
      vertex 49.05 0.463758 0
    endloop
  endfacet
  facet normal -0.471394 0.881923 0
    outer loop
      vertex 48.9333 0.401381 0
      vertex 49.05 0.463758 -1.85
      vertex 48.9333 0.401381 -1.85
    endloop
  endfacet
  facet normal 0.0982318 -0.995164 0
    outer loop
      vertex 48.5433 10.337 -1.85
      vertex 48.675 10.35 0
      vertex 48.5433 10.337 0
    endloop
  endfacet
  facet normal 0.0982318 -0.995164 0
    outer loop
      vertex 48.675 10.35 0
      vertex 48.5433 10.337 -1.85
      vertex 48.675 10.35 -1.85
    endloop
  endfacet
  facet normal 0.634143 -0.773216 0
    outer loop
      vertex 48.1977 10.1523 -1.85
      vertex 48.3 10.2362 0
      vertex 48.1977 10.1523 0
    endloop
  endfacet
  facet normal 0.634143 -0.773216 0
    outer loop
      vertex 48.3 10.2362 0
      vertex 48.1977 10.1523 -1.85
      vertex 48.3 10.2362 -1.85
    endloop
  endfacet
  facet normal 0 0 1
    outer loop
      vertex 48 9.675 -1.85
      vertex 49.35 9.675 -1.85
      vertex 49.337 9.80669 -1.85
    endloop
  endfacet
  facet normal 0 0 1
    outer loop
      vertex 49.35 9.675 -1.85
      vertex 48 9.675 -1.85
      vertex 49.35 1.025 -1.85
    endloop
  endfacet
  facet normal 0 0 1
    outer loop
      vertex 48 9.675 -1.85
      vertex 49.337 9.80669 -1.85
      vertex 49.2986 9.93331 -1.85
    endloop
  endfacet
  facet normal 0 0 1
    outer loop
      vertex 48 1.025 -1.85
      vertex 49.35 1.025 -1.85
      vertex 48 9.675 -1.85
    endloop
  endfacet
  facet normal 0 0 1
    outer loop
      vertex 48 9.675 -1.85
      vertex 49.2986 9.93331 -1.85
      vertex 49.2362 10.05 -1.85
    endloop
  endfacet
  facet normal 0 0 1
    outer loop
      vertex 49.35 1.025 -1.85
      vertex 48 1.025 -1.85
      vertex 49.337 0.893314 -1.85
    endloop
  endfacet
  facet normal 0 0 1
    outer loop
      vertex 48 9.675 -1.85
      vertex 49.2362 10.05 -1.85
      vertex 49.1523 10.1523 -1.85
    endloop
  endfacet
  facet normal 0 0 1
    outer loop
      vertex 49.337 0.893314 -1.85
      vertex 48 1.025 -1.85
      vertex 49.2986 0.766688 -1.85
    endloop
  endfacet
  facet normal 0 0 1
    outer loop
      vertex 48 9.675 -1.85
      vertex 49.1523 10.1523 -1.85
      vertex 49.05 10.2362 -1.85
    endloop
  endfacet
  facet normal 0 0 1
    outer loop
      vertex 49.2986 0.766688 -1.85
      vertex 48 1.025 -1.85
      vertex 49.2362 0.649989 -1.85
    endloop
  endfacet
  facet normal 0 0 1
    outer loop
      vertex 48 9.675 -1.85
      vertex 49.05 10.2362 -1.85
      vertex 48.9333 10.2986 -1.85
    endloop
  endfacet
  facet normal 0 0 1
    outer loop
      vertex 49.2362 0.649989 -1.85
      vertex 48 1.025 -1.85
      vertex 49.1523 0.547702 -1.85
    endloop
  endfacet
  facet normal 0 0 1
    outer loop
      vertex 48 9.675 -1.85
      vertex 48.9333 10.2986 -1.85
      vertex 48.8067 10.337 -1.85
    endloop
  endfacet
  facet normal 0 0 1
    outer loop
      vertex 49.1523 0.547702 -1.85
      vertex 48 1.025 -1.85
      vertex 49.05 0.463758 -1.85
    endloop
  endfacet
  facet normal 0 0 1
    outer loop
      vertex 48 9.675 -1.85
      vertex 48.8067 10.337 -1.85
      vertex 48.675 10.35 -1.85
    endloop
  endfacet
  facet normal 0 0 1
    outer loop
      vertex 49.05 0.463758 -1.85
      vertex 48 1.025 -1.85
      vertex 48.9333 0.401381 -1.85
    endloop
  endfacet
  facet normal 0 0 1
    outer loop
      vertex 48 9.675 -1.85
      vertex 48.675 10.35 -1.85
      vertex 48.5433 10.337 -1.85
    endloop
  endfacet
  facet normal 0 0 1
    outer loop
      vertex 48.9333 0.401381 -1.85
      vertex 48 1.025 -1.85
      vertex 48.8067 0.36297 -1.85
    endloop
  endfacet
  facet normal 0 0 1
    outer loop
      vertex 48 9.675 -1.85
      vertex 48.5433 10.337 -1.85
      vertex 48.4167 10.2986 -1.85
    endloop
  endfacet
  facet normal 0 0 1
    outer loop
      vertex 48.8067 0.36297 -1.85
      vertex 48 1.025 -1.85
      vertex 48.675 0.35 -1.85
    endloop
  endfacet
  facet normal 0 0 1
    outer loop
      vertex 48 9.675 -1.85
      vertex 48.4167 10.2986 -1.85
      vertex 48.3 10.2362 -1.85
    endloop
  endfacet
  facet normal 0 0 1
    outer loop
      vertex 48.675 0.35 -1.85
      vertex 48 1.025 -1.85
      vertex 48.5433 0.36297 -1.85
    endloop
  endfacet
  facet normal 0 0 1
    outer loop
      vertex 48 9.675 -1.85
      vertex 48.3 10.2362 -1.85
      vertex 48.1977 10.1523 -1.85
    endloop
  endfacet
  facet normal 0 0 1
    outer loop
      vertex 48.5433 0.36297 -1.85
      vertex 48 1.025 -1.85
      vertex 48.4167 0.401381 -1.85
    endloop
  endfacet
  facet normal 0 0 1
    outer loop
      vertex 48 9.675 -1.85
      vertex 48.1977 10.1523 -1.85
      vertex 48.1138 10.05 -1.85
    endloop
  endfacet
  facet normal 0 0 1
    outer loop
      vertex 48.4167 0.401381 -1.85
      vertex 48 1.025 -1.85
      vertex 48.3 0.463758 -1.85
    endloop
  endfacet
  facet normal 0 0 1
    outer loop
      vertex 48 9.675 -1.85
      vertex 48.1138 10.05 -1.85
      vertex 48.0514 9.93331 -1.85
    endloop
  endfacet
  facet normal 0 0 1
    outer loop
      vertex 48.3 0.463758 -1.85
      vertex 48 1.025 -1.85
      vertex 48.1977 0.547702 -1.85
    endloop
  endfacet
  facet normal 0 0 1
    outer loop
      vertex 48 9.675 -1.85
      vertex 48.0514 9.93331 -1.85
      vertex 48.013 9.80669 -1.85
    endloop
  endfacet
  facet normal 0 0 1
    outer loop
      vertex 48.1977 0.547702 -1.85
      vertex 48 1.025 -1.85
      vertex 48.1138 0.649989 -1.85
    endloop
  endfacet
  facet normal 0 0 1
    outer loop
      vertex 48.1138 0.649989 -1.85
      vertex 48 1.025 -1.85
      vertex 48.0514 0.766688 -1.85
    endloop
  endfacet
  facet normal 0 0 1
    outer loop
      vertex 48.0514 0.766688 -1.85
      vertex 48 1.025 -1.85
      vertex 48.013 0.893314 -1.85
    endloop
  endfacet
  facet normal -0.881834 -0.471561 0
    outer loop
      vertex 49.2986 9.93331 -1.85
      vertex 49.2362 10.05 0
      vertex 49.2362 10.05 -1.85
    endloop
  endfacet
  facet normal -0.881834 -0.471561 0
    outer loop
      vertex 49.2362 10.05 0
      vertex 49.2986 9.93331 -1.85
      vertex 49.2986 9.93331 0
    endloop
  endfacet
  facet normal -0.634342 0.773053 0
    outer loop
      vertex 49.1523 0.547702 -1.85
      vertex 49.05 0.463758 0
      vertex 49.1523 0.547702 0
    endloop
  endfacet
  facet normal -0.634342 0.773053 0
    outer loop
      vertex 49.05 0.463758 0
      vertex 49.1523 0.547702 -1.85
      vertex 49.05 0.463758 -1.85
    endloop
  endfacet
  facet normal -0.773216 -0.634143 0
    outer loop
      vertex 49.2362 10.05 -1.85
      vertex 49.1523 10.1523 0
      vertex 49.1523 10.1523 -1.85
    endloop
  endfacet
  facet normal -0.773216 -0.634143 0
    outer loop
      vertex 49.1523 10.1523 0
      vertex 49.2362 10.05 -1.85
      vertex 49.2362 10.05 0
    endloop
  endfacet
  facet normal -0.471529 -0.88185 0
    outer loop
      vertex 48.9333 10.2986 -1.85
      vertex 49.05 10.2362 0
      vertex 48.9333 10.2986 0
    endloop
  endfacet
  facet normal -0.471529 -0.88185 -0
    outer loop
      vertex 49.05 10.2362 0
      vertex 48.9333 10.2986 -1.85
      vertex 49.05 10.2362 -1.85
    endloop
  endfacet
  facet normal 0.773216 -0.634143 0
    outer loop
      vertex 48.1138 10.05 0
      vertex 48.1977 10.1523 -1.85
      vertex 48.1977 10.1523 0
    endloop
  endfacet
  facet normal 0.773216 -0.634143 0
    outer loop
      vertex 48.1977 10.1523 -1.85
      vertex 48.1138 10.05 0
      vertex 48.1138 10.05 -1.85
    endloop
  endfacet
  facet normal 0.471529 -0.88185 0
    outer loop
      vertex 48.3 10.2362 -1.85
      vertex 48.4167 10.2986 0
      vertex 48.3 10.2362 0
    endloop
  endfacet
  facet normal 0.471529 -0.88185 0
    outer loop
      vertex 48.4167 10.2986 0
      vertex 48.3 10.2362 -1.85
      vertex 48.4167 10.2986 -1.85
    endloop
  endfacet
  facet normal -0.956961 -0.290217 0
    outer loop
      vertex 49.337 9.80669 -1.85
      vertex 49.2986 9.93331 0
      vertex 49.2986 9.93331 -1.85
    endloop
  endfacet
  facet normal -0.956961 -0.290217 0
    outer loop
      vertex 49.2986 9.93331 0
      vertex 49.337 9.80669 -1.85
      vertex 49.337 9.80669 0
    endloop
  endfacet
  facet normal -0.634143 -0.773216 0
    outer loop
      vertex 49.05 10.2362 -1.85
      vertex 49.1523 10.1523 0
      vertex 49.05 10.2362 0
    endloop
  endfacet
  facet normal -0.634143 -0.773216 -0
    outer loop
      vertex 49.1523 10.1523 0
      vertex 49.05 10.2362 -1.85
      vertex 49.1523 10.1523 -1.85
    endloop
  endfacet
  facet normal 1 0 0
    outer loop
      vertex -42.95 -32.49 0
      vertex -42.95 -32.5 -1.45
      vertex -42.95 -32.49 -1.45
    endloop
  endfacet
  facet normal 1 -0 0
    outer loop
      vertex -42.95 -33.85 0
      vertex -42.95 -32.5 -1.45
      vertex -42.95 -32.49 0
    endloop
  endfacet
  facet normal 1 0 0
    outer loop
      vertex -42.95 -33.85 -5.7
      vertex -42.95 -32.5 -1.45
      vertex -42.95 -33.85 0
    endloop
  endfacet
  facet normal 1 0 0
    outer loop
      vertex -42.95 -32.5 -1.45
      vertex -42.95 -33.85 -5.7
      vertex -42.95 -32.5 -5.7
    endloop
  endfacet
  facet normal 0 1 -0
    outer loop
      vertex -42.95 -32.49 -1.45
      vertex -48 -32.49 0
      vertex -42.95 -32.49 0
    endloop
  endfacet
  facet normal 0 1 0
    outer loop
      vertex -48 -32.49 0
      vertex -42.95 -32.49 -1.45
      vertex -48 -32.49 -1.45
    endloop
  endfacet
  facet normal 0 -1 0
    outer loop
      vertex -49.35 -33.85 -5.7
      vertex -42.95 -33.85 0
      vertex -49.35 -33.85 0
    endloop
  endfacet
  facet normal 0 -1 -0
    outer loop
      vertex -42.95 -33.85 0
      vertex -49.35 -33.85 -5.7
      vertex -42.95 -33.85 -5.7
    endloop
  endfacet
  facet normal -1 0 0
    outer loop
      vertex 42.95 -32.5 -5.7
      vertex 42.95 -33.85 -5.7
      vertex 42.95 -32.5 -1.45
    endloop
  endfacet
  facet normal -1 0 0
    outer loop
      vertex 42.95 -32.5 -1.45
      vertex 42.95 -32.49 0
      vertex 42.95 -32.49 -1.45
    endloop
  endfacet
  facet normal -1 0 0
    outer loop
      vertex 42.95 -33.85 0
      vertex 42.95 -32.5 -1.45
      vertex 42.95 -33.85 -5.7
    endloop
  endfacet
  facet normal -1 0 0
    outer loop
      vertex 42.95 -32.5 -1.45
      vertex 42.95 -33.85 0
      vertex 42.95 -32.49 0
    endloop
  endfacet
  facet normal 0 1 -0
    outer loop
      vertex 48 -32.49 -1.45
      vertex 42.95 -32.49 0
      vertex 48 -32.49 0
    endloop
  endfacet
  facet normal 0 1 0
    outer loop
      vertex 42.95 -32.49 0
      vertex 48 -32.49 -1.45
      vertex 42.95 -32.49 -1.45
    endloop
  endfacet
  facet normal 0 -1 0
    outer loop
      vertex 42.95 -33.85 -5.7
      vertex 49.35 -33.85 0
      vertex 42.95 -33.85 0
    endloop
  endfacet
  facet normal 0 -1 -0
    outer loop
      vertex 49.35 -33.85 0
      vertex 42.95 -33.85 -5.7
      vertex 49.35 -33.85 -5.7
    endloop
  endfacet
  facet normal 1 -0 0
    outer loop
      vertex 46 -22.5 0.00999928
      vertex 46 30.5 0
      vertex 46 30.5 0.00999928
    endloop
  endfacet
  facet normal 1 0 0
    outer loop
      vertex 46 30.5 0
      vertex 46 -22.5 0.00999928
      vertex 46 -22.5 0
    endloop
  endfacet
  facet normal 0 0 1
    outer loop
      vertex 41.9875 -17.0375 0.00999928
      vertex 46 30.5 0.00999928
      vertex 41.9875 27.7375 0.00999928
    endloop
  endfacet
  facet normal 0 0 1
    outer loop
      vertex 46 30.5 0.00999928
      vertex -41.9875 27.7375 0.00999928
      vertex 41.9875 27.7375 0.00999928
    endloop
  endfacet
  facet normal 0 0 1
    outer loop
      vertex -41.9875 27.7375 0.00999928
      vertex -46 30.5 0.00999928
      vertex -41.9875 -17.0375 0.00999928
    endloop
  endfacet
  facet normal -0 0 1
    outer loop
      vertex -46 30.5 0.00999928
      vertex -41.9875 27.7375 0.00999928
      vertex 46 30.5 0.00999928
    endloop
  endfacet
  facet normal 0 0 1
    outer loop
      vertex 46 30.5 0.00999928
      vertex 41.9875 -17.0375 0.00999928
      vertex 46 -22.5 0.00999928
    endloop
  endfacet
  facet normal -0 0 1
    outer loop
      vertex -41.9875 -17.0375 0.00999928
      vertex 46 -22.5 0.00999928
      vertex 41.9875 -17.0375 0.00999928
    endloop
  endfacet
  facet normal 0 0 1
    outer loop
      vertex -41.9875 -17.0375 0.00999928
      vertex -46 -22.5 0.00999928
      vertex 46 -22.5 0.00999928
    endloop
  endfacet
  facet normal 0 0 1
    outer loop
      vertex -46 -22.5 0.00999928
      vertex -41.9875 -17.0375 0.00999928
      vertex -46 30.5 0.00999928
    endloop
  endfacet
  facet normal -1 0 0
    outer loop
      vertex -46 -22.5 0
      vertex -46 30.5 0.00999928
      vertex -46 30.5 0
    endloop
  endfacet
  facet normal -1 -0 0
    outer loop
      vertex -46 30.5 0.00999928
      vertex -46 -22.5 0
      vertex -46 -22.5 0.00999928
    endloop
  endfacet
  facet normal 0 1 -0
    outer loop
      vertex 46 30.5 0
      vertex -46 30.5 0.00999928
      vertex 46 30.5 0.00999928
    endloop
  endfacet
  facet normal 0 1 0
    outer loop
      vertex -46 30.5 0.00999928
      vertex 46 30.5 0
      vertex -46 30.5 0
    endloop
  endfacet
  facet normal 0 -1 0
    outer loop
      vertex -46 -22.5 0
      vertex 46 -22.5 0.00999928
      vertex -46 -22.5 0.00999928
    endloop
  endfacet
  facet normal 0 -1 -0
    outer loop
      vertex 46 -22.5 0.00999928
      vertex -46 -22.5 0
      vertex 46 -22.5 0
    endloop
  endfacet
  facet normal 1 -0 0
    outer loop
      vertex 41.9875 24.5 0.0199995
      vertex 41.9875 27.7375 0.00999928
      vertex 41.9875 27.7375 0.0199995
    endloop
  endfacet
  facet normal 1 0 0
    outer loop
      vertex 41.9875 -17.0375 0.00999928
      vertex 41.9875 24.5 0.0199995
      vertex 41.9875 -17.0375 0.0199995
    endloop
  endfacet
  facet normal 1 0 0
    outer loop
      vertex 41.9875 24.5 0.0199995
      vertex 41.9875 -17.0375 0.00999928
      vertex 41.9875 27.7375 0.00999928
    endloop
  endfacet
  facet normal 0 0 -1
    outer loop
      vertex 41.9875 27.7375 0.0199995
      vertex 53 24.5 0.0199995
      vertex 41.9875 24.5 0.0199995
    endloop
  endfacet
  facet normal 0 0 -1
    outer loop
      vertex 53 24.5 0.0199995
      vertex 41.9875 27.7375 0.0199995
      vertex 53 32.5 0.0199995
    endloop
  endfacet
  facet normal 0 0 -1
    outer loop
      vertex 40 32.5 0.0199995
      vertex 41.9875 27.7375 0.0199995
      vertex 40 27.7375 0.0199995
    endloop
  endfacet
  facet normal 0 0 -1
    outer loop
      vertex 41.9875 27.7375 0.0199995
      vertex 40 32.5 0.0199995
      vertex 53 32.5 0.0199995
    endloop
  endfacet
  facet normal 0 0 1
    outer loop
      vertex 40 27.7375 0.0199995
      vertex -41.9875 27.7375 0.0199995
      vertex 40 24.5 0.0199995
    endloop
  endfacet
  facet normal -0 0 1
    outer loop
      vertex 40 24.5 0.0199995
      vertex 41.9875 -17.0375 0.0199995
      vertex 41.9875 24.5 0.0199995
    endloop
  endfacet
  facet normal 0 0 1
    outer loop
      vertex -41.9875 -17.0375 0.0199995
      vertex 40 24.5 0.0199995
      vertex -41.9875 27.7375 0.0199995
    endloop
  endfacet
  facet normal 0 0 1
    outer loop
      vertex 40 24.5 0.0199995
      vertex -41.9875 -17.0375 0.0199995
      vertex 41.9875 -17.0375 0.0199995
    endloop
  endfacet
  facet normal -1 0 0
    outer loop
      vertex -41.9875 -17.0375 0.00999928
      vertex -41.9875 27.7375 0.0199995
      vertex -41.9875 27.7375 0.00999928
    endloop
  endfacet
  facet normal -1 -0 0
    outer loop
      vertex -41.9875 27.7375 0.0199995
      vertex -41.9875 -17.0375 0.00999928
      vertex -41.9875 -17.0375 0.0199995
    endloop
  endfacet
  facet normal 0 1 -0
    outer loop
      vertex 41.9875 27.7375 0.00999928
      vertex 40 27.7375 0.0199995
      vertex 41.9875 27.7375 0.0199995
    endloop
  endfacet
  facet normal 0 1 0
    outer loop
      vertex -41.9875 27.7375 0.00999928
      vertex 40 27.7375 0.0199995
      vertex 41.9875 27.7375 0.00999928
    endloop
  endfacet
  facet normal 0 1 0
    outer loop
      vertex 40 27.7375 0.0199995
      vertex -41.9875 27.7375 0.00999928
      vertex -41.9875 27.7375 0.0199995
    endloop
  endfacet
  facet normal 0 -1 0
    outer loop
      vertex -41.9875 -17.0375 0.00999928
      vertex 41.9875 -17.0375 0.0199995
      vertex -41.9875 -17.0375 0.0199995
    endloop
  endfacet
  facet normal 0 -1 -0
    outer loop
      vertex 41.9875 -17.0375 0.0199995
      vertex -41.9875 -17.0375 0.00999928
      vertex 41.9875 -17.0375 0.00999928
    endloop
  endfacet
  facet normal 0 0 1
    outer loop
      vertex 5.45 -28.05 -1.45
      vertex 4.88 -29.9 -1.45
      vertex 5.28 -29.9 -1.45
    endloop
  endfacet
  facet normal 0 0 1
    outer loop
      vertex 4.88 -29.9 -1.45
      vertex 4.01 -29.9 -1.45
      vertex 4.88 -32.5 -1.45
    endloop
  endfacet
  facet normal 0 0 1
    outer loop
      vertex 5.45 -28.05 -1.45
      vertex 4.01 -29.9 -1.45
      vertex 4.88 -29.9 -1.45
    endloop
  endfacet
  facet normal 0 0 1
    outer loop
      vertex 5.45 -28.05 -1.45
      vertex 3.61 -29.9 -1.45
      vertex 4.01 -29.9 -1.45
    endloop
  endfacet
  facet normal 0 0 1
    outer loop
      vertex 3.61 -29.9 -1.45
      vertex 2.74 -29.9 -1.45
      vertex 3.61 -32.5 -1.45
    endloop
  endfacet
  facet normal 0 0 1
    outer loop
      vertex 5.45 -28.05 -1.45
      vertex 2.74 -29.9 -1.45
      vertex 3.61 -29.9 -1.45
    endloop
  endfacet
  facet normal 0 0 1
    outer loop
      vertex 5.45 -28.05 -1.45
      vertex 2.34 -29.9 -1.45
      vertex 2.74 -29.9 -1.45
    endloop
  endfacet
  facet normal 0 0 1
    outer loop
      vertex 2.34 -29.9 -1.45
      vertex 1.47 -29.9 -1.45
      vertex 2.34 -32.5 -1.45
    endloop
  endfacet
  facet normal 0 0 1
    outer loop
      vertex 5.45 -28.05 -1.45
      vertex 1.47 -29.9 -1.45
      vertex 2.34 -29.9 -1.45
    endloop
  endfacet
  facet normal 0 0 1
    outer loop
      vertex 5.45 -28.05 -1.45
      vertex 1.07 -29.9 -1.45
      vertex 1.47 -29.9 -1.45
    endloop
  endfacet
  facet normal 0 0 1
    outer loop
      vertex 1.07 -29.9 -1.45
      vertex 0.199999 -29.9 -1.45
      vertex 1.07 -32.5 -1.45
    endloop
  endfacet
  facet normal 0 0 1
    outer loop
      vertex 5.45 -28.05 -1.45
      vertex 0.199999 -29.9 -1.45
      vertex 1.07 -29.9 -1.45
    endloop
  endfacet
  facet normal 0 0 1
    outer loop
      vertex 5.45 -28.05 -1.45
      vertex -0.2 -29.9 -1.45
      vertex 0.199999 -29.9 -1.45
    endloop
  endfacet
  facet normal 0 0 1
    outer loop
      vertex -0.2 -29.9 -1.45
      vertex -1.07 -29.9 -1.45
      vertex -0.2 -32.5 -1.45
    endloop
  endfacet
  facet normal -0 0 1
    outer loop
      vertex -5.45 -28.05 -1.45
      vertex -0.2 -29.9 -1.45
      vertex 5.45 -28.05 -1.45
    endloop
  endfacet
  facet normal 0 0 1
    outer loop
      vertex -0.2 -29.9 -1.45
      vertex -5.45 -28.05 -1.45
      vertex -1.07 -29.9 -1.45
    endloop
  endfacet
  facet normal 0 0 1
    outer loop
      vertex -1.47 -29.9 -1.45
      vertex -2.34 -29.9 -1.45
      vertex -1.47 -32.5 -1.45
    endloop
  endfacet
  facet normal 0 0 1
    outer loop
      vertex -1.07 -29.9 -1.45
      vertex -5.45 -28.05 -1.45
      vertex -1.47 -29.9 -1.45
    endloop
  endfacet
  facet normal 0 0 1
    outer loop
      vertex -1.47 -29.9 -1.45
      vertex -5.45 -28.05 -1.45
      vertex -2.34 -29.9 -1.45
    endloop
  endfacet
  facet normal 0 0 1
    outer loop
      vertex -2.74 -29.9 -1.45
      vertex -3.61 -29.9 -1.45
      vertex -2.74 -32.5 -1.45
    endloop
  endfacet
  facet normal 0 0 1
    outer loop
      vertex -2.34 -29.9 -1.45
      vertex -5.45 -28.05 -1.45
      vertex -2.74 -29.9 -1.45
    endloop
  endfacet
  facet normal 0 0 1
    outer loop
      vertex -2.74 -29.9 -1.45
      vertex -5.45 -28.05 -1.45
      vertex -3.61 -29.9 -1.45
    endloop
  endfacet
  facet normal 0 0 1
    outer loop
      vertex -4.01 -29.9 -1.45
      vertex -4.88 -29.9 -1.45
      vertex -4.01 -32.5 -1.45
    endloop
  endfacet
  facet normal 0 0 1
    outer loop
      vertex -3.61 -29.9 -1.45
      vertex -5.45 -28.05 -1.45
      vertex -4.01 -29.9 -1.45
    endloop
  endfacet
  facet normal 0 0 1
    outer loop
      vertex -4.01 -29.9 -1.45
      vertex -5.45 -28.05 -1.45
      vertex -4.88 -29.9 -1.45
    endloop
  endfacet
  facet normal 0 0 1
    outer loop
      vertex -4.88 -29.9 -1.45
      vertex -5.45 -28.05 -1.45
      vertex -5.28 -29.9 -1.45
    endloop
  endfacet
  facet normal 0 0 1
    outer loop
      vertex -6.15 -29.9 -1.45
      vertex -5.28 -29.9 -1.45
      vertex -5.45 -28.05 -1.45
    endloop
  endfacet
  facet normal 0 0 1
    outer loop
      vertex -5.28 -29.9 -1.45
      vertex -6.15 -29.9 -1.45
      vertex -5.28 -32.5 -1.45
    endloop
  endfacet
  facet normal 0 0 1
    outer loop
      vertex -5.28 -32.5 -1.45
      vertex -6.15 -29.9 -1.45
      vertex -6.15 -32.5 -1.45
    endloop
  endfacet
  facet normal 0 0 1
    outer loop
      vertex 48 -24.5 -1.45
      vertex 42.95 -32.49 -1.45
      vertex 48 -32.49 -1.45
    endloop
  endfacet
  facet normal 0 0 1
    outer loop
      vertex 14.17 -32.5 -1.45
      vertex 42.95 -32.49 -1.45
      vertex 14.17 -29.9 -1.45
    endloop
  endfacet
  facet normal 0 0 1
    outer loop
      vertex 48 -24.5 -1.45
      vertex 14.17 -29.9 -1.45
      vertex 42.95 -32.49 -1.45
    endloop
  endfacet
  facet normal -0 0 1
    outer loop
      vertex 5.45 -26.35 -1.45
      vertex 14.17 -29.9 -1.45
      vertex 48 -24.5 -1.45
    endloop
  endfacet
  facet normal 0 0 1
    outer loop
      vertex 13.77 -29.9 -1.45
      vertex 12.9 -29.9 -1.45
      vertex 13.77 -32.5 -1.45
    endloop
  endfacet
  facet normal 0 0 1
    outer loop
      vertex 14.17 -29.9 -1.45
      vertex 5.45 -26.35 -1.45
      vertex 13.77 -29.9 -1.45
    endloop
  endfacet
  facet normal 0 0 1
    outer loop
      vertex 13.77 -29.9 -1.45
      vertex 5.45 -26.35 -1.45
      vertex 12.9 -29.9 -1.45
    endloop
  endfacet
  facet normal 0 0 1
    outer loop
      vertex 12.5 -29.9 -1.45
      vertex 11.63 -29.9 -1.45
      vertex 12.5 -32.5 -1.45
    endloop
  endfacet
  facet normal 0 0 1
    outer loop
      vertex 12.9 -29.9 -1.45
      vertex 5.45 -26.35 -1.45
      vertex 12.5 -29.9 -1.45
    endloop
  endfacet
  facet normal 0 0 1
    outer loop
      vertex 12.5 -29.9 -1.45
      vertex 5.45 -26.35 -1.45
      vertex 11.63 -29.9 -1.45
    endloop
  endfacet
  facet normal 0 0 1
    outer loop
      vertex 11.23 -29.9 -1.45
      vertex 10.36 -29.9 -1.45
      vertex 11.23 -32.5 -1.45
    endloop
  endfacet
  facet normal 0 0 1
    outer loop
      vertex 11.63 -29.9 -1.45
      vertex 5.45 -26.35 -1.45
      vertex 11.23 -29.9 -1.45
    endloop
  endfacet
  facet normal 0 0 1
    outer loop
      vertex 11.23 -29.9 -1.45
      vertex 5.45 -26.35 -1.45
      vertex 10.36 -29.9 -1.45
    endloop
  endfacet
  facet normal 0 0 1
    outer loop
      vertex 9.96 -29.9 -1.45
      vertex 9.09 -29.9 -1.45
      vertex 9.96 -32.5 -1.45
    endloop
  endfacet
  facet normal 0 0 1
    outer loop
      vertex 10.36 -29.9 -1.45
      vertex 5.45 -26.35 -1.45
      vertex 9.96 -29.9 -1.45
    endloop
  endfacet
  facet normal 0 0 1
    outer loop
      vertex 9.96 -29.9 -1.45
      vertex 5.45 -26.35 -1.45
      vertex 9.09 -29.9 -1.45
    endloop
  endfacet
  facet normal 0 0 1
    outer loop
      vertex 8.69 -29.9 -1.45
      vertex 7.82 -29.9 -1.45
      vertex 8.69 -32.5 -1.45
    endloop
  endfacet
  facet normal 0 0 1
    outer loop
      vertex 9.09 -29.9 -1.45
      vertex 5.45 -26.35 -1.45
      vertex 8.69 -29.9 -1.45
    endloop
  endfacet
  facet normal 0 0 1
    outer loop
      vertex 8.69 -29.9 -1.45
      vertex 5.45 -26.35 -1.45
      vertex 7.82 -29.9 -1.45
    endloop
  endfacet
  facet normal 0 0 1
    outer loop
      vertex 7.42 -29.9 -1.45
      vertex 6.55 -29.9 -1.45
      vertex 7.42 -32.5 -1.45
    endloop
  endfacet
  facet normal -0 0 1
    outer loop
      vertex 5.45 -28.05 -1.45
      vertex 7.82 -29.9 -1.45
      vertex 5.45 -26.35 -1.45
    endloop
  endfacet
  facet normal 0 0 1
    outer loop
      vertex 7.82 -29.9 -1.45
      vertex 5.45 -28.05 -1.45
      vertex 7.42 -29.9 -1.45
    endloop
  endfacet
  facet normal 0 0 1
    outer loop
      vertex 6.55 -29.9 -1.45
      vertex 5.45 -28.05 -1.45
      vertex 6.15 -29.9 -1.45
    endloop
  endfacet
  facet normal 0 0 1
    outer loop
      vertex 7.42 -29.9 -1.45
      vertex 5.45 -28.05 -1.45
      vertex 6.55 -29.9 -1.45
    endloop
  endfacet
  facet normal 0 0 1
    outer loop
      vertex 48 -24.5 -1.45
      vertex -5.45 -26.35 -1.45
      vertex 5.45 -26.35 -1.45
    endloop
  endfacet
  facet normal 0 0 1
    outer loop
      vertex -7.82 -29.9 -1.45
      vertex -5.45 -28.05 -1.45
      vertex -5.45 -26.35 -1.45
    endloop
  endfacet
  facet normal 0 0 1
    outer loop
      vertex -5.45 -28.05 -1.45
      vertex -6.55 -29.9 -1.45
      vertex -6.15 -29.9 -1.45
    endloop
  endfacet
  facet normal 0 0 1
    outer loop
      vertex -6.55 -29.9 -1.45
      vertex -7.42 -29.9 -1.45
      vertex -6.55 -32.5 -1.45
    endloop
  endfacet
  facet normal 0 0 1
    outer loop
      vertex -5.45 -28.05 -1.45
      vertex -7.42 -29.9 -1.45
      vertex -6.55 -29.9 -1.45
    endloop
  endfacet
  facet normal 0 0 1
    outer loop
      vertex -5.45 -28.05 -1.45
      vertex -7.82 -29.9 -1.45
      vertex -7.42 -29.9 -1.45
    endloop
  endfacet
  facet normal 0 0 1
    outer loop
      vertex -7.82 -29.9 -1.45
      vertex -8.69 -29.9 -1.45
      vertex -7.82 -32.5 -1.45
    endloop
  endfacet
  facet normal 0 0 1
    outer loop
      vertex -5.45 -26.35 -1.45
      vertex -8.69 -29.9 -1.45
      vertex -7.82 -29.9 -1.45
    endloop
  endfacet
  facet normal 0 0 1
    outer loop
      vertex -5.45 -26.35 -1.45
      vertex -9.09 -29.9 -1.45
      vertex -8.69 -29.9 -1.45
    endloop
  endfacet
  facet normal 0 0 1
    outer loop
      vertex -9.09 -29.9 -1.45
      vertex -9.96 -29.9 -1.45
      vertex -9.09 -32.5 -1.45
    endloop
  endfacet
  facet normal 0 0 1
    outer loop
      vertex -5.45 -26.35 -1.45
      vertex -9.96 -29.9 -1.45
      vertex -9.09 -29.9 -1.45
    endloop
  endfacet
  facet normal 0 0 1
    outer loop
      vertex -5.45 -26.35 -1.45
      vertex -10.36 -29.9 -1.45
      vertex -9.96 -29.9 -1.45
    endloop
  endfacet
  facet normal 0 0 1
    outer loop
      vertex -10.36 -29.9 -1.45
      vertex -11.23 -29.9 -1.45
      vertex -10.36 -32.5 -1.45
    endloop
  endfacet
  facet normal 0 0 1
    outer loop
      vertex -5.45 -26.35 -1.45
      vertex -11.23 -29.9 -1.45
      vertex -10.36 -29.9 -1.45
    endloop
  endfacet
  facet normal 0 0 1
    outer loop
      vertex -5.45 -26.35 -1.45
      vertex -11.63 -29.9 -1.45
      vertex -11.23 -29.9 -1.45
    endloop
  endfacet
  facet normal 0 0 1
    outer loop
      vertex -11.63 -29.9 -1.45
      vertex -12.5 -29.9 -1.45
      vertex -11.63 -32.5 -1.45
    endloop
  endfacet
  facet normal 0 0 1
    outer loop
      vertex -5.45 -26.35 -1.45
      vertex -12.5 -29.9 -1.45
      vertex -11.63 -29.9 -1.45
    endloop
  endfacet
  facet normal 0 0 1
    outer loop
      vertex -5.45 -26.35 -1.45
      vertex -12.9 -29.9 -1.45
      vertex -12.5 -29.9 -1.45
    endloop
  endfacet
  facet normal 0 0 1
    outer loop
      vertex -12.9 -29.9 -1.45
      vertex -13.77 -29.9 -1.45
      vertex -12.9 -32.5 -1.45
    endloop
  endfacet
  facet normal 0 0 1
    outer loop
      vertex -5.45 -26.35 -1.45
      vertex -13.77 -29.9 -1.45
      vertex -12.9 -29.9 -1.45
    endloop
  endfacet
  facet normal 0 0 1
    outer loop
      vertex -5.45 -26.35 -1.45
      vertex -14.17 -29.9 -1.45
      vertex -13.77 -29.9 -1.45
    endloop
  endfacet
  facet normal 0 0 1
    outer loop
      vertex -14.17 -29.9 -1.45
      vertex -42.95 -32.49 -1.45
      vertex -14.17 -32.5 -1.45
    endloop
  endfacet
  facet normal 0 0 1
    outer loop
      vertex -48 -24.5 -1.45
      vertex -14.17 -29.9 -1.45
      vertex -5.45 -26.35 -1.45
    endloop
  endfacet
  facet normal -0 0 1
    outer loop
      vertex -48 -24.5 -1.45
      vertex -5.45 -26.35 -1.45
      vertex 48 -24.5 -1.45
    endloop
  endfacet
  facet normal 0 0 1
    outer loop
      vertex -14.17 -29.9 -1.45
      vertex -48 -24.5 -1.45
      vertex -42.95 -32.49 -1.45
    endloop
  endfacet
  facet normal 0 0 1
    outer loop
      vertex -42.95 -32.49 -1.45
      vertex -48 -24.5 -1.45
      vertex -48 -32.49 -1.45
    endloop
  endfacet
  facet normal 0 0 1
    outer loop
      vertex 42.95 -32.49 -1.45
      vertex 14.17 -32.5 -1.45
      vertex 42.95 -32.5 -1.45
    endloop
  endfacet
  facet normal 0 0 1
    outer loop
      vertex 13.77 -32.5 -1.45
      vertex 12.9 -29.9 -1.45
      vertex 12.9 -32.5 -1.45
    endloop
  endfacet
  facet normal 0 0 1
    outer loop
      vertex 12.5 -32.5 -1.45
      vertex 11.63 -29.9 -1.45
      vertex 11.63 -32.5 -1.45
    endloop
  endfacet
  facet normal 0 0 1
    outer loop
      vertex 11.23 -32.5 -1.45
      vertex 10.36 -29.9 -1.45
      vertex 10.36 -32.5 -1.45
    endloop
  endfacet
  facet normal 0 0 1
    outer loop
      vertex 9.96 -32.5 -1.45
      vertex 9.09 -29.9 -1.45
      vertex 9.09 -32.5 -1.45
    endloop
  endfacet
  facet normal 0 0 1
    outer loop
      vertex 8.69 -32.5 -1.45
      vertex 7.82 -29.9 -1.45
      vertex 7.82 -32.5 -1.45
    endloop
  endfacet
  facet normal 0 0 1
    outer loop
      vertex 7.42 -32.5 -1.45
      vertex 6.55 -29.9 -1.45
      vertex 6.55 -32.5 -1.45
    endloop
  endfacet
  facet normal 0 0 1
    outer loop
      vertex 5.28 -29.9 -1.45
      vertex 6.15 -29.9 -1.45
      vertex 5.45 -28.05 -1.45
    endloop
  endfacet
  facet normal 0 0 1
    outer loop
      vertex 6.15 -29.9 -1.45
      vertex 5.28 -29.9 -1.45
      vertex 6.15 -32.5 -1.45
    endloop
  endfacet
  facet normal 0 0 1
    outer loop
      vertex 6.15 -32.5 -1.45
      vertex 5.28 -29.9 -1.45
      vertex 5.28 -32.5 -1.45
    endloop
  endfacet
  facet normal 0 0 1
    outer loop
      vertex 4.88 -32.5 -1.45
      vertex 4.01 -29.9 -1.45
      vertex 4.01 -32.5 -1.45
    endloop
  endfacet
  facet normal 0 0 1
    outer loop
      vertex 3.61 -32.5 -1.45
      vertex 2.74 -29.9 -1.45
      vertex 2.74 -32.5 -1.45
    endloop
  endfacet
  facet normal 0 0 1
    outer loop
      vertex 2.34 -32.5 -1.45
      vertex 1.47 -29.9 -1.45
      vertex 1.47 -32.5 -1.45
    endloop
  endfacet
  facet normal 0 0 1
    outer loop
      vertex 1.07 -32.5 -1.45
      vertex 0.199999 -29.9 -1.45
      vertex 0.199999 -32.5 -1.45
    endloop
  endfacet
  facet normal 0 0 1
    outer loop
      vertex -0.2 -32.5 -1.45
      vertex -1.07 -29.9 -1.45
      vertex -1.07 -32.5 -1.45
    endloop
  endfacet
  facet normal 0 0 1
    outer loop
      vertex -1.47 -32.5 -1.45
      vertex -2.34 -29.9 -1.45
      vertex -2.34 -32.5 -1.45
    endloop
  endfacet
  facet normal 0 0 1
    outer loop
      vertex -2.74 -32.5 -1.45
      vertex -3.61 -29.9 -1.45
      vertex -3.61 -32.5 -1.45
    endloop
  endfacet
  facet normal 0 0 1
    outer loop
      vertex -4.01 -32.5 -1.45
      vertex -4.88 -29.9 -1.45
      vertex -4.88 -32.5 -1.45
    endloop
  endfacet
  facet normal 0 0 1
    outer loop
      vertex -6.55 -32.5 -1.45
      vertex -7.42 -29.9 -1.45
      vertex -7.42 -32.5 -1.45
    endloop
  endfacet
  facet normal 0 0 1
    outer loop
      vertex -7.82 -32.5 -1.45
      vertex -8.69 -29.9 -1.45
      vertex -8.69 -32.5 -1.45
    endloop
  endfacet
  facet normal 0 0 1
    outer loop
      vertex -9.09 -32.5 -1.45
      vertex -9.96 -29.9 -1.45
      vertex -9.96 -32.5 -1.45
    endloop
  endfacet
  facet normal 0 0 1
    outer loop
      vertex -10.36 -32.5 -1.45
      vertex -11.23 -29.9 -1.45
      vertex -11.23 -32.5 -1.45
    endloop
  endfacet
  facet normal 0 0 1
    outer loop
      vertex -11.63 -32.5 -1.45
      vertex -12.5 -29.9 -1.45
      vertex -12.5 -32.5 -1.45
    endloop
  endfacet
  facet normal 0 0 1
    outer loop
      vertex -12.9 -32.5 -1.45
      vertex -13.77 -29.9 -1.45
      vertex -13.77 -32.5 -1.45
    endloop
  endfacet
  facet normal 0 0 1
    outer loop
      vertex -14.17 -32.5 -1.45
      vertex -42.95 -32.49 -1.45
      vertex -42.95 -32.5 -1.45
    endloop
  endfacet
  facet normal 0 -1 0
    outer loop
      vertex -48 -24.5 -1.45
      vertex 48 -24.5 0
      vertex -48 -24.5 0
    endloop
  endfacet
  facet normal 0 -1 -0
    outer loop
      vertex 48 -24.5 0
      vertex -48 -24.5 -1.45
      vertex 48 -24.5 -1.45
    endloop
  endfacet
  facet normal 1 0 0
    outer loop
      vertex -13.77 -29.9 -1.2
      vertex -13.77 -32.5 -1.45
      vertex -13.77 -29.9 -1.45
    endloop
  endfacet
  facet normal 1 0 0
    outer loop
      vertex -13.77 -32.75 -1.2
      vertex -13.77 -32.5 -5.7
      vertex -13.77 -32.5 -1.45
    endloop
  endfacet
  facet normal 1 -0 0
    outer loop
      vertex -13.77 -32.75 -1.2
      vertex -13.77 -32.5 -1.45
      vertex -13.77 -29.9 -1.2
    endloop
  endfacet
  facet normal 1 0 0
    outer loop
      vertex -13.77 -32.5 -5.7
      vertex -13.77 -32.75 -1.2
      vertex -13.77 -32.75 -10.9
    endloop
  endfacet
  facet normal 1 0 0
    outer loop
      vertex -13.77 -32.5 -5.7
      vertex -13.77 -32.75 -10.9
      vertex -13.77 -32.5 -10.9
    endloop
  endfacet
  facet normal -0 0 1
    outer loop
      vertex -14.17 -29.9 -1.2
      vertex -13.77 -32.75 -1.2
      vertex -13.77 -29.9 -1.2
    endloop
  endfacet
  facet normal 0 0 1
    outer loop
      vertex -13.77 -32.75 -1.2
      vertex -14.17 -29.9 -1.2
      vertex -14.17 -32.75 -1.2
    endloop
  endfacet
  facet normal -1 0 0
    outer loop
      vertex -14.17 -32.75 -10.9
      vertex -14.17 -32.5 -5.7
      vertex -14.17 -32.5 -10.9
    endloop
  endfacet
  facet normal -1 0 0
    outer loop
      vertex -14.17 -32.75 -1.2
      vertex -14.17 -32.5 -5.7
      vertex -14.17 -32.75 -10.9
    endloop
  endfacet
  facet normal -1 0 0
    outer loop
      vertex -14.17 -32.5 -1.45
      vertex -14.17 -29.9 -1.2
      vertex -14.17 -29.9 -1.45
    endloop
  endfacet
  facet normal -1 0 0
    outer loop
      vertex -14.17 -32.5 -1.45
      vertex -14.17 -32.75 -1.2
      vertex -14.17 -29.9 -1.2
    endloop
  endfacet
  facet normal -1 0 0
    outer loop
      vertex -14.17 -32.5 -5.7
      vertex -14.17 -32.75 -1.2
      vertex -14.17 -32.5 -1.45
    endloop
  endfacet
  facet normal 0 1 -0
    outer loop
      vertex -13.77 -29.9 -1.45
      vertex -14.17 -29.9 -1.2
      vertex -13.77 -29.9 -1.2
    endloop
  endfacet
  facet normal 0 1 0
    outer loop
      vertex -14.17 -29.9 -1.2
      vertex -13.77 -29.9 -1.45
      vertex -14.17 -29.9 -1.45
    endloop
  endfacet
  facet normal 0 0 -1
    outer loop
      vertex -14.17 -32.75 -10.9
      vertex -13.77 -32.5 -10.9
      vertex -13.77 -32.75 -10.9
    endloop
  endfacet
  facet normal -0 0 -1
    outer loop
      vertex -13.77 -32.5 -10.9
      vertex -14.17 -32.75 -10.9
      vertex -14.17 -32.5 -10.9
    endloop
  endfacet
  facet normal 0 -1 0
    outer loop
      vertex -14.17 -32.75 -10.9
      vertex -13.77 -32.75 -1.2
      vertex -14.17 -32.75 -1.2
    endloop
  endfacet
  facet normal 0 -1 -0
    outer loop
      vertex -13.77 -32.75 -1.2
      vertex -14.17 -32.75 -10.9
      vertex -13.77 -32.75 -10.9
    endloop
  endfacet
  facet normal 1 0 0
    outer loop
      vertex -12.5 -29.9 -1.2
      vertex -12.5 -32.5 -1.45
      vertex -12.5 -29.9 -1.45
    endloop
  endfacet
  facet normal 1 0 0
    outer loop
      vertex -12.5 -32.75 -1.2
      vertex -12.5 -32.5 -5.7
      vertex -12.5 -32.5 -1.45
    endloop
  endfacet
  facet normal 1 -0 0
    outer loop
      vertex -12.5 -32.75 -1.2
      vertex -12.5 -32.5 -1.45
      vertex -12.5 -29.9 -1.2
    endloop
  endfacet
  facet normal 1 0 0
    outer loop
      vertex -12.5 -32.5 -5.7
      vertex -12.5 -32.75 -1.2
      vertex -12.5 -32.75 -10.9
    endloop
  endfacet
  facet normal 1 0 0
    outer loop
      vertex -12.5 -32.5 -5.7
      vertex -12.5 -32.75 -10.9
      vertex -12.5 -32.5 -10.9
    endloop
  endfacet
  facet normal -0 0 1
    outer loop
      vertex -12.9 -29.9 -1.2
      vertex -12.5 -32.75 -1.2
      vertex -12.5 -29.9 -1.2
    endloop
  endfacet
  facet normal 0 0 1
    outer loop
      vertex -12.5 -32.75 -1.2
      vertex -12.9 -29.9 -1.2
      vertex -12.9 -32.75 -1.2
    endloop
  endfacet
  facet normal -1 0 0
    outer loop
      vertex -12.9 -32.75 -10.9
      vertex -12.9 -32.5 -5.7
      vertex -12.9 -32.5 -10.9
    endloop
  endfacet
  facet normal -1 0 0
    outer loop
      vertex -12.9 -32.75 -1.2
      vertex -12.9 -32.5 -5.7
      vertex -12.9 -32.75 -10.9
    endloop
  endfacet
  facet normal -1 0 0
    outer loop
      vertex -12.9 -32.5 -1.45
      vertex -12.9 -29.9 -1.2
      vertex -12.9 -29.9 -1.45
    endloop
  endfacet
  facet normal -1 0 0
    outer loop
      vertex -12.9 -32.5 -1.45
      vertex -12.9 -32.75 -1.2
      vertex -12.9 -29.9 -1.2
    endloop
  endfacet
  facet normal -1 0 0
    outer loop
      vertex -12.9 -32.5 -5.7
      vertex -12.9 -32.75 -1.2
      vertex -12.9 -32.5 -1.45
    endloop
  endfacet
  facet normal 0 1 -0
    outer loop
      vertex -12.5 -29.9 -1.45
      vertex -12.9 -29.9 -1.2
      vertex -12.5 -29.9 -1.2
    endloop
  endfacet
  facet normal 0 1 0
    outer loop
      vertex -12.9 -29.9 -1.2
      vertex -12.5 -29.9 -1.45
      vertex -12.9 -29.9 -1.45
    endloop
  endfacet
  facet normal 0 0 -1
    outer loop
      vertex -12.9 -32.75 -10.9
      vertex -12.5 -32.5 -10.9
      vertex -12.5 -32.75 -10.9
    endloop
  endfacet
  facet normal -0 0 -1
    outer loop
      vertex -12.5 -32.5 -10.9
      vertex -12.9 -32.75 -10.9
      vertex -12.9 -32.5 -10.9
    endloop
  endfacet
  facet normal 0 -1 0
    outer loop
      vertex -12.9 -32.75 -10.9
      vertex -12.5 -32.75 -1.2
      vertex -12.9 -32.75 -1.2
    endloop
  endfacet
  facet normal 0 -1 -0
    outer loop
      vertex -12.5 -32.75 -1.2
      vertex -12.9 -32.75 -10.9
      vertex -12.5 -32.75 -10.9
    endloop
  endfacet
  facet normal 1 0 0
    outer loop
      vertex -11.23 -29.9 -1.2
      vertex -11.23 -32.5 -1.45
      vertex -11.23 -29.9 -1.45
    endloop
  endfacet
  facet normal 1 0 0
    outer loop
      vertex -11.23 -32.75 -1.2
      vertex -11.23 -32.5 -5.7
      vertex -11.23 -32.5 -1.45
    endloop
  endfacet
  facet normal 1 -0 0
    outer loop
      vertex -11.23 -32.75 -1.2
      vertex -11.23 -32.5 -1.45
      vertex -11.23 -29.9 -1.2
    endloop
  endfacet
  facet normal 1 0 0
    outer loop
      vertex -11.23 -32.5 -5.7
      vertex -11.23 -32.75 -1.2
      vertex -11.23 -32.75 -10.9
    endloop
  endfacet
  facet normal 1 0 0
    outer loop
      vertex -11.23 -32.5 -5.7
      vertex -11.23 -32.75 -10.9
      vertex -11.23 -32.5 -10.9
    endloop
  endfacet
  facet normal -0 0 1
    outer loop
      vertex -11.63 -29.9 -1.2
      vertex -11.23 -32.75 -1.2
      vertex -11.23 -29.9 -1.2
    endloop
  endfacet
  facet normal 0 0 1
    outer loop
      vertex -11.23 -32.75 -1.2
      vertex -11.63 -29.9 -1.2
      vertex -11.63 -32.75 -1.2
    endloop
  endfacet
  facet normal -1 0 0
    outer loop
      vertex -11.63 -32.75 -10.9
      vertex -11.63 -32.5 -5.7
      vertex -11.63 -32.5 -10.9
    endloop
  endfacet
  facet normal -1 0 0
    outer loop
      vertex -11.63 -32.75 -1.2
      vertex -11.63 -32.5 -5.7
      vertex -11.63 -32.75 -10.9
    endloop
  endfacet
  facet normal -1 0 0
    outer loop
      vertex -11.63 -32.5 -1.45
      vertex -11.63 -29.9 -1.2
      vertex -11.63 -29.9 -1.45
    endloop
  endfacet
  facet normal -1 0 0
    outer loop
      vertex -11.63 -32.5 -1.45
      vertex -11.63 -32.75 -1.2
      vertex -11.63 -29.9 -1.2
    endloop
  endfacet
  facet normal -1 0 0
    outer loop
      vertex -11.63 -32.5 -5.7
      vertex -11.63 -32.75 -1.2
      vertex -11.63 -32.5 -1.45
    endloop
  endfacet
  facet normal 0 1 -0
    outer loop
      vertex -11.23 -29.9 -1.45
      vertex -11.63 -29.9 -1.2
      vertex -11.23 -29.9 -1.2
    endloop
  endfacet
  facet normal 0 1 0
    outer loop
      vertex -11.63 -29.9 -1.2
      vertex -11.23 -29.9 -1.45
      vertex -11.63 -29.9 -1.45
    endloop
  endfacet
  facet normal 0 0 -1
    outer loop
      vertex -11.63 -32.75 -10.9
      vertex -11.23 -32.5 -10.9
      vertex -11.23 -32.75 -10.9
    endloop
  endfacet
  facet normal -0 0 -1
    outer loop
      vertex -11.23 -32.5 -10.9
      vertex -11.63 -32.75 -10.9
      vertex -11.63 -32.5 -10.9
    endloop
  endfacet
  facet normal 0 -1 0
    outer loop
      vertex -11.63 -32.75 -10.9
      vertex -11.23 -32.75 -1.2
      vertex -11.63 -32.75 -1.2
    endloop
  endfacet
  facet normal 0 -1 -0
    outer loop
      vertex -11.23 -32.75 -1.2
      vertex -11.63 -32.75 -10.9
      vertex -11.23 -32.75 -10.9
    endloop
  endfacet
  facet normal 1 0 0
    outer loop
      vertex -9.96 -29.9 -1.2
      vertex -9.96 -32.5 -1.45
      vertex -9.96 -29.9 -1.45
    endloop
  endfacet
  facet normal 1 0 0
    outer loop
      vertex -9.96 -32.75 -1.2
      vertex -9.96 -32.5 -5.7
      vertex -9.96 -32.5 -1.45
    endloop
  endfacet
  facet normal 1 -0 0
    outer loop
      vertex -9.96 -32.75 -1.2
      vertex -9.96 -32.5 -1.45
      vertex -9.96 -29.9 -1.2
    endloop
  endfacet
  facet normal 1 0 0
    outer loop
      vertex -9.96 -32.5 -5.7
      vertex -9.96 -32.75 -1.2
      vertex -9.96 -32.75 -10.9
    endloop
  endfacet
  facet normal 1 0 0
    outer loop
      vertex -9.96 -32.5 -5.7
      vertex -9.96 -32.75 -10.9
      vertex -9.96 -32.5 -10.9
    endloop
  endfacet
  facet normal -0 0 1
    outer loop
      vertex -10.36 -29.9 -1.2
      vertex -9.96 -32.75 -1.2
      vertex -9.96 -29.9 -1.2
    endloop
  endfacet
  facet normal 0 0 1
    outer loop
      vertex -9.96 -32.75 -1.2
      vertex -10.36 -29.9 -1.2
      vertex -10.36 -32.75 -1.2
    endloop
  endfacet
  facet normal -1 0 0
    outer loop
      vertex -10.36 -32.75 -10.9
      vertex -10.36 -32.5 -5.7
      vertex -10.36 -32.5 -10.9
    endloop
  endfacet
  facet normal -1 0 0
    outer loop
      vertex -10.36 -32.75 -1.2
      vertex -10.36 -32.5 -5.7
      vertex -10.36 -32.75 -10.9
    endloop
  endfacet
  facet normal -1 0 0
    outer loop
      vertex -10.36 -32.5 -1.45
      vertex -10.36 -29.9 -1.2
      vertex -10.36 -29.9 -1.45
    endloop
  endfacet
  facet normal -1 0 0
    outer loop
      vertex -10.36 -32.5 -1.45
      vertex -10.36 -32.75 -1.2
      vertex -10.36 -29.9 -1.2
    endloop
  endfacet
  facet normal -1 0 0
    outer loop
      vertex -10.36 -32.5 -5.7
      vertex -10.36 -32.75 -1.2
      vertex -10.36 -32.5 -1.45
    endloop
  endfacet
  facet normal 0 1 -0
    outer loop
      vertex -9.96 -29.9 -1.45
      vertex -10.36 -29.9 -1.2
      vertex -9.96 -29.9 -1.2
    endloop
  endfacet
  facet normal 0 1 0
    outer loop
      vertex -10.36 -29.9 -1.2
      vertex -9.96 -29.9 -1.45
      vertex -10.36 -29.9 -1.45
    endloop
  endfacet
  facet normal 0 0 -1
    outer loop
      vertex -10.36 -32.75 -10.9
      vertex -9.96 -32.5 -10.9
      vertex -9.96 -32.75 -10.9
    endloop
  endfacet
  facet normal -0 0 -1
    outer loop
      vertex -9.96 -32.5 -10.9
      vertex -10.36 -32.75 -10.9
      vertex -10.36 -32.5 -10.9
    endloop
  endfacet
  facet normal 0 -1 0
    outer loop
      vertex -10.36 -32.75 -10.9
      vertex -9.96 -32.75 -1.2
      vertex -10.36 -32.75 -1.2
    endloop
  endfacet
  facet normal 0 -1 -0
    outer loop
      vertex -9.96 -32.75 -1.2
      vertex -10.36 -32.75 -10.9
      vertex -9.96 -32.75 -10.9
    endloop
  endfacet
  facet normal 1 0 0
    outer loop
      vertex -8.69 -29.9 -1.2
      vertex -8.69 -32.5 -1.45
      vertex -8.69 -29.9 -1.45
    endloop
  endfacet
  facet normal 1 0 0
    outer loop
      vertex -8.69 -32.75 -1.2
      vertex -8.69 -32.5 -5.7
      vertex -8.69 -32.5 -1.45
    endloop
  endfacet
  facet normal 1 -0 0
    outer loop
      vertex -8.69 -32.75 -1.2
      vertex -8.69 -32.5 -1.45
      vertex -8.69 -29.9 -1.2
    endloop
  endfacet
  facet normal 1 0 0
    outer loop
      vertex -8.69 -32.5 -5.7
      vertex -8.69 -32.75 -1.2
      vertex -8.69 -32.75 -10.9
    endloop
  endfacet
  facet normal 1 0 0
    outer loop
      vertex -8.69 -32.5 -5.7
      vertex -8.69 -32.75 -10.9
      vertex -8.69 -32.5 -10.9
    endloop
  endfacet
  facet normal -0 0 1
    outer loop
      vertex -9.09 -29.9 -1.2
      vertex -8.69 -32.75 -1.2
      vertex -8.69 -29.9 -1.2
    endloop
  endfacet
  facet normal 0 0 1
    outer loop
      vertex -8.69 -32.75 -1.2
      vertex -9.09 -29.9 -1.2
      vertex -9.09 -32.75 -1.2
    endloop
  endfacet
  facet normal -1 0 0
    outer loop
      vertex -9.09 -32.75 -10.9
      vertex -9.09 -32.5 -5.7
      vertex -9.09 -32.5 -10.9
    endloop
  endfacet
  facet normal -1 0 0
    outer loop
      vertex -9.09 -32.75 -1.2
      vertex -9.09 -32.5 -5.7
      vertex -9.09 -32.75 -10.9
    endloop
  endfacet
  facet normal -1 0 0
    outer loop
      vertex -9.09 -32.5 -1.45
      vertex -9.09 -29.9 -1.2
      vertex -9.09 -29.9 -1.45
    endloop
  endfacet
  facet normal -1 0 0
    outer loop
      vertex -9.09 -32.5 -1.45
      vertex -9.09 -32.75 -1.2
      vertex -9.09 -29.9 -1.2
    endloop
  endfacet
  facet normal -1 0 0
    outer loop
      vertex -9.09 -32.5 -5.7
      vertex -9.09 -32.75 -1.2
      vertex -9.09 -32.5 -1.45
    endloop
  endfacet
  facet normal 0 1 -0
    outer loop
      vertex -8.69 -29.9 -1.45
      vertex -9.09 -29.9 -1.2
      vertex -8.69 -29.9 -1.2
    endloop
  endfacet
  facet normal 0 1 0
    outer loop
      vertex -9.09 -29.9 -1.2
      vertex -8.69 -29.9 -1.45
      vertex -9.09 -29.9 -1.45
    endloop
  endfacet
  facet normal 0 0 -1
    outer loop
      vertex -9.09 -32.75 -10.9
      vertex -8.69 -32.5 -10.9
      vertex -8.69 -32.75 -10.9
    endloop
  endfacet
  facet normal -0 0 -1
    outer loop
      vertex -8.69 -32.5 -10.9
      vertex -9.09 -32.75 -10.9
      vertex -9.09 -32.5 -10.9
    endloop
  endfacet
  facet normal 0 -1 0
    outer loop
      vertex -9.09 -32.75 -10.9
      vertex -8.69 -32.75 -1.2
      vertex -9.09 -32.75 -1.2
    endloop
  endfacet
  facet normal 0 -1 -0
    outer loop
      vertex -8.69 -32.75 -1.2
      vertex -9.09 -32.75 -10.9
      vertex -8.69 -32.75 -10.9
    endloop
  endfacet
  facet normal 1 0 0
    outer loop
      vertex -7.42 -29.9 -1.2
      vertex -7.42 -32.5 -1.45
      vertex -7.42 -29.9 -1.45
    endloop
  endfacet
  facet normal 1 0 0
    outer loop
      vertex -7.42 -32.75 -1.2
      vertex -7.42 -32.5 -5.7
      vertex -7.42 -32.5 -1.45
    endloop
  endfacet
  facet normal 1 -0 0
    outer loop
      vertex -7.42 -32.75 -1.2
      vertex -7.42 -32.5 -1.45
      vertex -7.42 -29.9 -1.2
    endloop
  endfacet
  facet normal 1 0 0
    outer loop
      vertex -7.42 -32.5 -5.7
      vertex -7.42 -32.75 -1.2
      vertex -7.42 -32.75 -10.9
    endloop
  endfacet
  facet normal 1 0 0
    outer loop
      vertex -7.42 -32.5 -5.7
      vertex -7.42 -32.75 -10.9
      vertex -7.42 -32.5 -10.9
    endloop
  endfacet
  facet normal -0 0 1
    outer loop
      vertex -7.82 -29.9 -1.2
      vertex -7.42 -32.75 -1.2
      vertex -7.42 -29.9 -1.2
    endloop
  endfacet
  facet normal 0 0 1
    outer loop
      vertex -7.42 -32.75 -1.2
      vertex -7.82 -29.9 -1.2
      vertex -7.82 -32.75 -1.2
    endloop
  endfacet
  facet normal -1 0 0
    outer loop
      vertex -7.82 -32.75 -10.9
      vertex -7.82 -32.5 -5.7
      vertex -7.82 -32.5 -10.9
    endloop
  endfacet
  facet normal -1 0 0
    outer loop
      vertex -7.82 -32.75 -1.2
      vertex -7.82 -32.5 -5.7
      vertex -7.82 -32.75 -10.9
    endloop
  endfacet
  facet normal -1 0 0
    outer loop
      vertex -7.82 -32.5 -1.45
      vertex -7.82 -29.9 -1.2
      vertex -7.82 -29.9 -1.45
    endloop
  endfacet
  facet normal -1 0 0
    outer loop
      vertex -7.82 -32.5 -1.45
      vertex -7.82 -32.75 -1.2
      vertex -7.82 -29.9 -1.2
    endloop
  endfacet
  facet normal -1 0 0
    outer loop
      vertex -7.82 -32.5 -5.7
      vertex -7.82 -32.75 -1.2
      vertex -7.82 -32.5 -1.45
    endloop
  endfacet
  facet normal 0 1 -0
    outer loop
      vertex -7.42 -29.9 -1.45
      vertex -7.82 -29.9 -1.2
      vertex -7.42 -29.9 -1.2
    endloop
  endfacet
  facet normal 0 1 0
    outer loop
      vertex -7.82 -29.9 -1.2
      vertex -7.42 -29.9 -1.45
      vertex -7.82 -29.9 -1.45
    endloop
  endfacet
  facet normal 0 0 -1
    outer loop
      vertex -7.82 -32.75 -10.9
      vertex -7.42 -32.5 -10.9
      vertex -7.42 -32.75 -10.9
    endloop
  endfacet
  facet normal -0 0 -1
    outer loop
      vertex -7.42 -32.5 -10.9
      vertex -7.82 -32.75 -10.9
      vertex -7.82 -32.5 -10.9
    endloop
  endfacet
  facet normal 0 -1 0
    outer loop
      vertex -7.82 -32.75 -10.9
      vertex -7.42 -32.75 -1.2
      vertex -7.82 -32.75 -1.2
    endloop
  endfacet
  facet normal 0 -1 -0
    outer loop
      vertex -7.42 -32.75 -1.2
      vertex -7.82 -32.75 -10.9
      vertex -7.42 -32.75 -10.9
    endloop
  endfacet
  facet normal 1 0 0
    outer loop
      vertex -6.15 -29.9 -1.2
      vertex -6.15 -32.5 -1.45
      vertex -6.15 -29.9 -1.45
    endloop
  endfacet
  facet normal 1 0 0
    outer loop
      vertex -6.15 -32.75 -1.2
      vertex -6.15 -32.5 -5.7
      vertex -6.15 -32.5 -1.45
    endloop
  endfacet
  facet normal 1 -0 0
    outer loop
      vertex -6.15 -32.75 -1.2
      vertex -6.15 -32.5 -1.45
      vertex -6.15 -29.9 -1.2
    endloop
  endfacet
  facet normal 1 0 0
    outer loop
      vertex -6.15 -32.5 -5.7
      vertex -6.15 -32.75 -1.2
      vertex -6.15 -32.75 -10.9
    endloop
  endfacet
  facet normal 1 0 0
    outer loop
      vertex -6.15 -32.5 -5.7
      vertex -6.15 -32.75 -10.9
      vertex -6.15 -32.5 -10.9
    endloop
  endfacet
  facet normal -0 0 1
    outer loop
      vertex -6.55 -29.9 -1.2
      vertex -6.15 -32.75 -1.2
      vertex -6.15 -29.9 -1.2
    endloop
  endfacet
  facet normal 0 0 1
    outer loop
      vertex -6.15 -32.75 -1.2
      vertex -6.55 -29.9 -1.2
      vertex -6.55 -32.75 -1.2
    endloop
  endfacet
  facet normal -1 0 0
    outer loop
      vertex -6.55 -32.75 -10.9
      vertex -6.55 -32.5 -5.7
      vertex -6.55 -32.5 -10.9
    endloop
  endfacet
  facet normal -1 0 0
    outer loop
      vertex -6.55 -32.75 -1.2
      vertex -6.55 -32.5 -5.7
      vertex -6.55 -32.75 -10.9
    endloop
  endfacet
  facet normal -1 0 0
    outer loop
      vertex -6.55 -32.5 -1.45
      vertex -6.55 -29.9 -1.2
      vertex -6.55 -29.9 -1.45
    endloop
  endfacet
  facet normal -1 0 0
    outer loop
      vertex -6.55 -32.5 -1.45
      vertex -6.55 -32.75 -1.2
      vertex -6.55 -29.9 -1.2
    endloop
  endfacet
  facet normal -1 0 0
    outer loop
      vertex -6.55 -32.5 -5.7
      vertex -6.55 -32.75 -1.2
      vertex -6.55 -32.5 -1.45
    endloop
  endfacet
  facet normal 0 1 -0
    outer loop
      vertex -6.15 -29.9 -1.45
      vertex -6.55 -29.9 -1.2
      vertex -6.15 -29.9 -1.2
    endloop
  endfacet
  facet normal 0 1 0
    outer loop
      vertex -6.55 -29.9 -1.2
      vertex -6.15 -29.9 -1.45
      vertex -6.55 -29.9 -1.45
    endloop
  endfacet
  facet normal 0 0 -1
    outer loop
      vertex -6.55 -32.75 -10.9
      vertex -6.15 -32.5 -10.9
      vertex -6.15 -32.75 -10.9
    endloop
  endfacet
  facet normal -0 0 -1
    outer loop
      vertex -6.15 -32.5 -10.9
      vertex -6.55 -32.75 -10.9
      vertex -6.55 -32.5 -10.9
    endloop
  endfacet
  facet normal 0 -1 0
    outer loop
      vertex -6.55 -32.75 -10.9
      vertex -6.15 -32.75 -1.2
      vertex -6.55 -32.75 -1.2
    endloop
  endfacet
  facet normal 0 -1 -0
    outer loop
      vertex -6.15 -32.75 -1.2
      vertex -6.55 -32.75 -10.9
      vertex -6.15 -32.75 -10.9
    endloop
  endfacet
  facet normal 1 0 0
    outer loop
      vertex -4.88 -29.9 -1.2
      vertex -4.88 -32.5 -1.45
      vertex -4.88 -29.9 -1.45
    endloop
  endfacet
  facet normal 1 0 0
    outer loop
      vertex -4.88 -32.75 -1.2
      vertex -4.88 -32.5 -5.7
      vertex -4.88 -32.5 -1.45
    endloop
  endfacet
  facet normal 1 -0 0
    outer loop
      vertex -4.88 -32.75 -1.2
      vertex -4.88 -32.5 -1.45
      vertex -4.88 -29.9 -1.2
    endloop
  endfacet
  facet normal 1 0 0
    outer loop
      vertex -4.88 -32.5 -5.7
      vertex -4.88 -32.75 -1.2
      vertex -4.88 -32.75 -10.9
    endloop
  endfacet
  facet normal 1 0 0
    outer loop
      vertex -4.88 -32.5 -5.7
      vertex -4.88 -32.75 -10.9
      vertex -4.88 -32.5 -10.9
    endloop
  endfacet
  facet normal -0 0 1
    outer loop
      vertex -5.28 -29.9 -1.2
      vertex -4.88 -32.75 -1.2
      vertex -4.88 -29.9 -1.2
    endloop
  endfacet
  facet normal 0 0 1
    outer loop
      vertex -4.88 -32.75 -1.2
      vertex -5.28 -29.9 -1.2
      vertex -5.28 -32.75 -1.2
    endloop
  endfacet
  facet normal -1 0 0
    outer loop
      vertex -5.28 -32.75 -10.9
      vertex -5.28 -32.5 -5.7
      vertex -5.28 -32.5 -10.9
    endloop
  endfacet
  facet normal -1 0 0
    outer loop
      vertex -5.28 -32.75 -1.2
      vertex -5.28 -32.5 -5.7
      vertex -5.28 -32.75 -10.9
    endloop
  endfacet
  facet normal -1 0 0
    outer loop
      vertex -5.28 -32.5 -1.45
      vertex -5.28 -29.9 -1.2
      vertex -5.28 -29.9 -1.45
    endloop
  endfacet
  facet normal -1 0 0
    outer loop
      vertex -5.28 -32.5 -1.45
      vertex -5.28 -32.75 -1.2
      vertex -5.28 -29.9 -1.2
    endloop
  endfacet
  facet normal -1 0 0
    outer loop
      vertex -5.28 -32.5 -5.7
      vertex -5.28 -32.75 -1.2
      vertex -5.28 -32.5 -1.45
    endloop
  endfacet
  facet normal 0 1 -0
    outer loop
      vertex -4.88 -29.9 -1.45
      vertex -5.28 -29.9 -1.2
      vertex -4.88 -29.9 -1.2
    endloop
  endfacet
  facet normal 0 1 0
    outer loop
      vertex -5.28 -29.9 -1.2
      vertex -4.88 -29.9 -1.45
      vertex -5.28 -29.9 -1.45
    endloop
  endfacet
  facet normal 0 0 -1
    outer loop
      vertex -5.28 -32.75 -10.9
      vertex -4.88 -32.5 -10.9
      vertex -4.88 -32.75 -10.9
    endloop
  endfacet
  facet normal -0 0 -1
    outer loop
      vertex -4.88 -32.5 -10.9
      vertex -5.28 -32.75 -10.9
      vertex -5.28 -32.5 -10.9
    endloop
  endfacet
  facet normal 0 -1 0
    outer loop
      vertex -5.28 -32.75 -10.9
      vertex -4.88 -32.75 -1.2
      vertex -5.28 -32.75 -1.2
    endloop
  endfacet
  facet normal 0 -1 -0
    outer loop
      vertex -4.88 -32.75 -1.2
      vertex -5.28 -32.75 -10.9
      vertex -4.88 -32.75 -10.9
    endloop
  endfacet
  facet normal 1 0 0
    outer loop
      vertex -3.61 -29.9 -1.2
      vertex -3.61 -32.5 -1.45
      vertex -3.61 -29.9 -1.45
    endloop
  endfacet
  facet normal 1 0 0
    outer loop
      vertex -3.61 -32.75 -1.2
      vertex -3.61 -32.5 -5.7
      vertex -3.61 -32.5 -1.45
    endloop
  endfacet
  facet normal 1 -0 0
    outer loop
      vertex -3.61 -32.75 -1.2
      vertex -3.61 -32.5 -1.45
      vertex -3.61 -29.9 -1.2
    endloop
  endfacet
  facet normal 1 0 0
    outer loop
      vertex -3.61 -32.5 -5.7
      vertex -3.61 -32.75 -1.2
      vertex -3.61 -32.75 -10.9
    endloop
  endfacet
  facet normal 1 0 0
    outer loop
      vertex -3.61 -32.5 -5.7
      vertex -3.61 -32.75 -10.9
      vertex -3.61 -32.5 -10.9
    endloop
  endfacet
  facet normal -0 0 1
    outer loop
      vertex -4.01 -29.9 -1.2
      vertex -3.61 -32.75 -1.2
      vertex -3.61 -29.9 -1.2
    endloop
  endfacet
  facet normal 0 0 1
    outer loop
      vertex -3.61 -32.75 -1.2
      vertex -4.01 -29.9 -1.2
      vertex -4.01 -32.75 -1.2
    endloop
  endfacet
  facet normal -1 0 0
    outer loop
      vertex -4.01 -32.75 -10.9
      vertex -4.01 -32.5 -5.7
      vertex -4.01 -32.5 -10.9
    endloop
  endfacet
  facet normal -1 0 0
    outer loop
      vertex -4.01 -32.75 -1.2
      vertex -4.01 -32.5 -5.7
      vertex -4.01 -32.75 -10.9
    endloop
  endfacet
  facet normal -1 0 0
    outer loop
      vertex -4.01 -32.5 -1.45
      vertex -4.01 -29.9 -1.2
      vertex -4.01 -29.9 -1.45
    endloop
  endfacet
  facet normal -1 0 0
    outer loop
      vertex -4.01 -32.5 -1.45
      vertex -4.01 -32.75 -1.2
      vertex -4.01 -29.9 -1.2
    endloop
  endfacet
  facet normal -1 0 0
    outer loop
      vertex -4.01 -32.5 -5.7
      vertex -4.01 -32.75 -1.2
      vertex -4.01 -32.5 -1.45
    endloop
  endfacet
  facet normal 0 1 -0
    outer loop
      vertex -3.61 -29.9 -1.45
      vertex -4.01 -29.9 -1.2
      vertex -3.61 -29.9 -1.2
    endloop
  endfacet
  facet normal 0 1 0
    outer loop
      vertex -4.01 -29.9 -1.2
      vertex -3.61 -29.9 -1.45
      vertex -4.01 -29.9 -1.45
    endloop
  endfacet
  facet normal 0 0 -1
    outer loop
      vertex -4.01 -32.75 -10.9
      vertex -3.61 -32.5 -10.9
      vertex -3.61 -32.75 -10.9
    endloop
  endfacet
  facet normal -0 0 -1
    outer loop
      vertex -3.61 -32.5 -10.9
      vertex -4.01 -32.75 -10.9
      vertex -4.01 -32.5 -10.9
    endloop
  endfacet
  facet normal 0 -1 0
    outer loop
      vertex -4.01 -32.75 -10.9
      vertex -3.61 -32.75 -1.2
      vertex -4.01 -32.75 -1.2
    endloop
  endfacet
  facet normal 0 -1 -0
    outer loop
      vertex -3.61 -32.75 -1.2
      vertex -4.01 -32.75 -10.9
      vertex -3.61 -32.75 -10.9
    endloop
  endfacet
  facet normal 1 0 0
    outer loop
      vertex -2.34 -29.9 -1.2
      vertex -2.34 -32.5 -1.45
      vertex -2.34 -29.9 -1.45
    endloop
  endfacet
  facet normal 1 0 0
    outer loop
      vertex -2.34 -32.75 -1.2
      vertex -2.34 -32.5 -5.7
      vertex -2.34 -32.5 -1.45
    endloop
  endfacet
  facet normal 1 -0 0
    outer loop
      vertex -2.34 -32.75 -1.2
      vertex -2.34 -32.5 -1.45
      vertex -2.34 -29.9 -1.2
    endloop
  endfacet
  facet normal 1 0 0
    outer loop
      vertex -2.34 -32.5 -5.7
      vertex -2.34 -32.75 -1.2
      vertex -2.34 -32.75 -10.9
    endloop
  endfacet
  facet normal 1 0 0
    outer loop
      vertex -2.34 -32.5 -5.7
      vertex -2.34 -32.75 -10.9
      vertex -2.34 -32.5 -10.9
    endloop
  endfacet
  facet normal -0 0 1
    outer loop
      vertex -2.74 -29.9 -1.2
      vertex -2.34 -32.75 -1.2
      vertex -2.34 -29.9 -1.2
    endloop
  endfacet
  facet normal 0 0 1
    outer loop
      vertex -2.34 -32.75 -1.2
      vertex -2.74 -29.9 -1.2
      vertex -2.74 -32.75 -1.2
    endloop
  endfacet
  facet normal -1 0 0
    outer loop
      vertex -2.74 -32.75 -10.9
      vertex -2.74 -32.5 -5.7
      vertex -2.74 -32.5 -10.9
    endloop
  endfacet
  facet normal -1 0 0
    outer loop
      vertex -2.74 -32.75 -1.2
      vertex -2.74 -32.5 -5.7
      vertex -2.74 -32.75 -10.9
    endloop
  endfacet
  facet normal -1 0 0
    outer loop
      vertex -2.74 -32.5 -1.45
      vertex -2.74 -29.9 -1.2
      vertex -2.74 -29.9 -1.45
    endloop
  endfacet
  facet normal -1 0 0
    outer loop
      vertex -2.74 -32.5 -1.45
      vertex -2.74 -32.75 -1.2
      vertex -2.74 -29.9 -1.2
    endloop
  endfacet
  facet normal -1 0 0
    outer loop
      vertex -2.74 -32.5 -5.7
      vertex -2.74 -32.75 -1.2
      vertex -2.74 -32.5 -1.45
    endloop
  endfacet
  facet normal 0 1 -0
    outer loop
      vertex -2.34 -29.9 -1.45
      vertex -2.74 -29.9 -1.2
      vertex -2.34 -29.9 -1.2
    endloop
  endfacet
  facet normal 0 1 0
    outer loop
      vertex -2.74 -29.9 -1.2
      vertex -2.34 -29.9 -1.45
      vertex -2.74 -29.9 -1.45
    endloop
  endfacet
  facet normal 0 0 -1
    outer loop
      vertex -2.74 -32.75 -10.9
      vertex -2.34 -32.5 -10.9
      vertex -2.34 -32.75 -10.9
    endloop
  endfacet
  facet normal -0 0 -1
    outer loop
      vertex -2.34 -32.5 -10.9
      vertex -2.74 -32.75 -10.9
      vertex -2.74 -32.5 -10.9
    endloop
  endfacet
  facet normal 0 -1 0
    outer loop
      vertex -2.74 -32.75 -10.9
      vertex -2.34 -32.75 -1.2
      vertex -2.74 -32.75 -1.2
    endloop
  endfacet
  facet normal 0 -1 -0
    outer loop
      vertex -2.34 -32.75 -1.2
      vertex -2.74 -32.75 -10.9
      vertex -2.34 -32.75 -10.9
    endloop
  endfacet
  facet normal 1 0 0
    outer loop
      vertex -1.07 -29.9 -1.2
      vertex -1.07 -32.5 -1.45
      vertex -1.07 -29.9 -1.45
    endloop
  endfacet
  facet normal 1 0 0
    outer loop
      vertex -1.07 -32.75 -1.2
      vertex -1.07 -32.5 -5.7
      vertex -1.07 -32.5 -1.45
    endloop
  endfacet
  facet normal 1 -0 0
    outer loop
      vertex -1.07 -32.75 -1.2
      vertex -1.07 -32.5 -1.45
      vertex -1.07 -29.9 -1.2
    endloop
  endfacet
  facet normal 1 0 0
    outer loop
      vertex -1.07 -32.5 -5.7
      vertex -1.07 -32.75 -1.2
      vertex -1.07 -32.75 -10.9
    endloop
  endfacet
  facet normal 1 0 0
    outer loop
      vertex -1.07 -32.5 -5.7
      vertex -1.07 -32.75 -10.9
      vertex -1.07 -32.5 -10.9
    endloop
  endfacet
  facet normal -0 0 1
    outer loop
      vertex -1.47 -29.9 -1.2
      vertex -1.07 -32.75 -1.2
      vertex -1.07 -29.9 -1.2
    endloop
  endfacet
  facet normal 0 0 1
    outer loop
      vertex -1.07 -32.75 -1.2
      vertex -1.47 -29.9 -1.2
      vertex -1.47 -32.75 -1.2
    endloop
  endfacet
  facet normal -1 0 0
    outer loop
      vertex -1.47 -32.75 -10.9
      vertex -1.47 -32.5 -5.7
      vertex -1.47 -32.5 -10.9
    endloop
  endfacet
  facet normal -1 0 0
    outer loop
      vertex -1.47 -32.75 -1.2
      vertex -1.47 -32.5 -5.7
      vertex -1.47 -32.75 -10.9
    endloop
  endfacet
  facet normal -1 0 0
    outer loop
      vertex -1.47 -32.5 -1.45
      vertex -1.47 -29.9 -1.2
      vertex -1.47 -29.9 -1.45
    endloop
  endfacet
  facet normal -1 0 0
    outer loop
      vertex -1.47 -32.5 -1.45
      vertex -1.47 -32.75 -1.2
      vertex -1.47 -29.9 -1.2
    endloop
  endfacet
  facet normal -1 0 0
    outer loop
      vertex -1.47 -32.5 -5.7
      vertex -1.47 -32.75 -1.2
      vertex -1.47 -32.5 -1.45
    endloop
  endfacet
  facet normal 0 1 -0
    outer loop
      vertex -1.07 -29.9 -1.45
      vertex -1.47 -29.9 -1.2
      vertex -1.07 -29.9 -1.2
    endloop
  endfacet
  facet normal 0 1 0
    outer loop
      vertex -1.47 -29.9 -1.2
      vertex -1.07 -29.9 -1.45
      vertex -1.47 -29.9 -1.45
    endloop
  endfacet
  facet normal 0 0 -1
    outer loop
      vertex -1.47 -32.75 -10.9
      vertex -1.07 -32.5 -10.9
      vertex -1.07 -32.75 -10.9
    endloop
  endfacet
  facet normal -0 0 -1
    outer loop
      vertex -1.07 -32.5 -10.9
      vertex -1.47 -32.75 -10.9
      vertex -1.47 -32.5 -10.9
    endloop
  endfacet
  facet normal 0 -1 0
    outer loop
      vertex -1.47 -32.75 -10.9
      vertex -1.07 -32.75 -1.2
      vertex -1.47 -32.75 -1.2
    endloop
  endfacet
  facet normal 0 -1 -0
    outer loop
      vertex -1.07 -32.75 -1.2
      vertex -1.47 -32.75 -10.9
      vertex -1.07 -32.75 -10.9
    endloop
  endfacet
  facet normal 1 0 0
    outer loop
      vertex 0.199999 -29.9 -1.2
      vertex 0.199999 -32.5 -1.45
      vertex 0.199999 -29.9 -1.45
    endloop
  endfacet
  facet normal 1 0 0
    outer loop
      vertex 0.199999 -32.75 -1.2
      vertex 0.199999 -32.5 -5.7
      vertex 0.199999 -32.5 -1.45
    endloop
  endfacet
  facet normal 1 -0 0
    outer loop
      vertex 0.199999 -32.75 -1.2
      vertex 0.199999 -32.5 -1.45
      vertex 0.199999 -29.9 -1.2
    endloop
  endfacet
  facet normal 1 0 0
    outer loop
      vertex 0.199999 -32.5 -5.7
      vertex 0.199999 -32.75 -1.2
      vertex 0.199999 -32.75 -10.9
    endloop
  endfacet
  facet normal 1 0 0
    outer loop
      vertex 0.199999 -32.5 -5.7
      vertex 0.199999 -32.75 -10.9
      vertex 0.199999 -32.5 -10.9
    endloop
  endfacet
  facet normal -0 0 1
    outer loop
      vertex -0.2 -29.9 -1.2
      vertex 0.199999 -32.75 -1.2
      vertex 0.199999 -29.9 -1.2
    endloop
  endfacet
  facet normal 0 0 1
    outer loop
      vertex 0.199999 -32.75 -1.2
      vertex -0.2 -29.9 -1.2
      vertex -0.2 -32.75 -1.2
    endloop
  endfacet
  facet normal -1 0 0
    outer loop
      vertex -0.2 -32.75 -10.9
      vertex -0.2 -32.5 -5.7
      vertex -0.2 -32.5 -10.9
    endloop
  endfacet
  facet normal -1 0 0
    outer loop
      vertex -0.2 -32.75 -1.2
      vertex -0.2 -32.5 -5.7
      vertex -0.2 -32.75 -10.9
    endloop
  endfacet
  facet normal -1 0 0
    outer loop
      vertex -0.2 -32.5 -1.45
      vertex -0.2 -29.9 -1.2
      vertex -0.2 -29.9 -1.45
    endloop
  endfacet
  facet normal -1 0 0
    outer loop
      vertex -0.2 -32.5 -1.45
      vertex -0.2 -32.75 -1.2
      vertex -0.2 -29.9 -1.2
    endloop
  endfacet
  facet normal -1 0 0
    outer loop
      vertex -0.2 -32.5 -5.7
      vertex -0.2 -32.75 -1.2
      vertex -0.2 -32.5 -1.45
    endloop
  endfacet
  facet normal 0 1 -0
    outer loop
      vertex 0.199999 -29.9 -1.45
      vertex -0.2 -29.9 -1.2
      vertex 0.199999 -29.9 -1.2
    endloop
  endfacet
  facet normal 0 1 0
    outer loop
      vertex -0.2 -29.9 -1.2
      vertex 0.199999 -29.9 -1.45
      vertex -0.2 -29.9 -1.45
    endloop
  endfacet
  facet normal 0 0 -1
    outer loop
      vertex -0.2 -32.75 -10.9
      vertex 0.199999 -32.5 -10.9
      vertex 0.199999 -32.75 -10.9
    endloop
  endfacet
  facet normal -0 0 -1
    outer loop
      vertex 0.199999 -32.5 -10.9
      vertex -0.2 -32.75 -10.9
      vertex -0.2 -32.5 -10.9
    endloop
  endfacet
  facet normal 0 -1 0
    outer loop
      vertex -0.2 -32.75 -10.9
      vertex 0.199999 -32.75 -1.2
      vertex -0.2 -32.75 -1.2
    endloop
  endfacet
  facet normal 0 -1 -0
    outer loop
      vertex 0.199999 -32.75 -1.2
      vertex -0.2 -32.75 -10.9
      vertex 0.199999 -32.75 -10.9
    endloop
  endfacet
  facet normal 1 0 0
    outer loop
      vertex 1.47 -29.9 -1.2
      vertex 1.47 -32.5 -1.45
      vertex 1.47 -29.9 -1.45
    endloop
  endfacet
  facet normal 1 0 0
    outer loop
      vertex 1.47 -32.75 -1.2
      vertex 1.47 -32.5 -5.7
      vertex 1.47 -32.5 -1.45
    endloop
  endfacet
  facet normal 1 -0 0
    outer loop
      vertex 1.47 -32.75 -1.2
      vertex 1.47 -32.5 -1.45
      vertex 1.47 -29.9 -1.2
    endloop
  endfacet
  facet normal 1 0 0
    outer loop
      vertex 1.47 -32.5 -5.7
      vertex 1.47 -32.75 -1.2
      vertex 1.47 -32.75 -10.9
    endloop
  endfacet
  facet normal 1 0 0
    outer loop
      vertex 1.47 -32.5 -5.7
      vertex 1.47 -32.75 -10.9
      vertex 1.47 -32.5 -10.9
    endloop
  endfacet
  facet normal -0 0 1
    outer loop
      vertex 1.07 -29.9 -1.2
      vertex 1.47 -32.75 -1.2
      vertex 1.47 -29.9 -1.2
    endloop
  endfacet
  facet normal 0 0 1
    outer loop
      vertex 1.47 -32.75 -1.2
      vertex 1.07 -29.9 -1.2
      vertex 1.07 -32.75 -1.2
    endloop
  endfacet
  facet normal -1 0 0
    outer loop
      vertex 1.07 -32.75 -10.9
      vertex 1.07 -32.5 -5.7
      vertex 1.07 -32.5 -10.9
    endloop
  endfacet
  facet normal -1 0 0
    outer loop
      vertex 1.07 -32.75 -1.2
      vertex 1.07 -32.5 -5.7
      vertex 1.07 -32.75 -10.9
    endloop
  endfacet
  facet normal -1 0 0
    outer loop
      vertex 1.07 -32.5 -1.45
      vertex 1.07 -29.9 -1.2
      vertex 1.07 -29.9 -1.45
    endloop
  endfacet
  facet normal -1 0 0
    outer loop
      vertex 1.07 -32.5 -1.45
      vertex 1.07 -32.75 -1.2
      vertex 1.07 -29.9 -1.2
    endloop
  endfacet
  facet normal -1 0 0
    outer loop
      vertex 1.07 -32.5 -5.7
      vertex 1.07 -32.75 -1.2
      vertex 1.07 -32.5 -1.45
    endloop
  endfacet
  facet normal 0 1 -0
    outer loop
      vertex 1.47 -29.9 -1.45
      vertex 1.07 -29.9 -1.2
      vertex 1.47 -29.9 -1.2
    endloop
  endfacet
  facet normal 0 1 0
    outer loop
      vertex 1.07 -29.9 -1.2
      vertex 1.47 -29.9 -1.45
      vertex 1.07 -29.9 -1.45
    endloop
  endfacet
  facet normal 0 0 -1
    outer loop
      vertex 1.07 -32.75 -10.9
      vertex 1.47 -32.5 -10.9
      vertex 1.47 -32.75 -10.9
    endloop
  endfacet
  facet normal -0 0 -1
    outer loop
      vertex 1.47 -32.5 -10.9
      vertex 1.07 -32.75 -10.9
      vertex 1.07 -32.5 -10.9
    endloop
  endfacet
  facet normal 0 -1 0
    outer loop
      vertex 1.07 -32.75 -10.9
      vertex 1.47 -32.75 -1.2
      vertex 1.07 -32.75 -1.2
    endloop
  endfacet
  facet normal 0 -1 -0
    outer loop
      vertex 1.47 -32.75 -1.2
      vertex 1.07 -32.75 -10.9
      vertex 1.47 -32.75 -10.9
    endloop
  endfacet
  facet normal 1 0 0
    outer loop
      vertex 2.74 -29.9 -1.2
      vertex 2.74 -32.5 -1.45
      vertex 2.74 -29.9 -1.45
    endloop
  endfacet
  facet normal 1 0 0
    outer loop
      vertex 2.74 -32.75 -1.2
      vertex 2.74 -32.5 -5.7
      vertex 2.74 -32.5 -1.45
    endloop
  endfacet
  facet normal 1 -0 0
    outer loop
      vertex 2.74 -32.75 -1.2
      vertex 2.74 -32.5 -1.45
      vertex 2.74 -29.9 -1.2
    endloop
  endfacet
  facet normal 1 0 0
    outer loop
      vertex 2.74 -32.5 -5.7
      vertex 2.74 -32.75 -1.2
      vertex 2.74 -32.75 -10.9
    endloop
  endfacet
  facet normal 1 0 0
    outer loop
      vertex 2.74 -32.5 -5.7
      vertex 2.74 -32.75 -10.9
      vertex 2.74 -32.5 -10.9
    endloop
  endfacet
  facet normal -0 0 1
    outer loop
      vertex 2.34 -29.9 -1.2
      vertex 2.74 -32.75 -1.2
      vertex 2.74 -29.9 -1.2
    endloop
  endfacet
  facet normal 0 0 1
    outer loop
      vertex 2.74 -32.75 -1.2
      vertex 2.34 -29.9 -1.2
      vertex 2.34 -32.75 -1.2
    endloop
  endfacet
  facet normal -1 0 0
    outer loop
      vertex 2.34 -32.75 -10.9
      vertex 2.34 -32.5 -5.7
      vertex 2.34 -32.5 -10.9
    endloop
  endfacet
  facet normal -1 0 0
    outer loop
      vertex 2.34 -32.75 -1.2
      vertex 2.34 -32.5 -5.7
      vertex 2.34 -32.75 -10.9
    endloop
  endfacet
  facet normal -1 0 0
    outer loop
      vertex 2.34 -32.5 -1.45
      vertex 2.34 -29.9 -1.2
      vertex 2.34 -29.9 -1.45
    endloop
  endfacet
  facet normal -1 0 0
    outer loop
      vertex 2.34 -32.5 -1.45
      vertex 2.34 -32.75 -1.2
      vertex 2.34 -29.9 -1.2
    endloop
  endfacet
  facet normal -1 0 0
    outer loop
      vertex 2.34 -32.5 -5.7
      vertex 2.34 -32.75 -1.2
      vertex 2.34 -32.5 -1.45
    endloop
  endfacet
  facet normal 0 1 -0
    outer loop
      vertex 2.74 -29.9 -1.45
      vertex 2.34 -29.9 -1.2
      vertex 2.74 -29.9 -1.2
    endloop
  endfacet
  facet normal 0 1 0
    outer loop
      vertex 2.34 -29.9 -1.2
      vertex 2.74 -29.9 -1.45
      vertex 2.34 -29.9 -1.45
    endloop
  endfacet
  facet normal 0 0 -1
    outer loop
      vertex 2.34 -32.75 -10.9
      vertex 2.74 -32.5 -10.9
      vertex 2.74 -32.75 -10.9
    endloop
  endfacet
  facet normal -0 0 -1
    outer loop
      vertex 2.74 -32.5 -10.9
      vertex 2.34 -32.75 -10.9
      vertex 2.34 -32.5 -10.9
    endloop
  endfacet
  facet normal 0 -1 0
    outer loop
      vertex 2.34 -32.75 -10.9
      vertex 2.74 -32.75 -1.2
      vertex 2.34 -32.75 -1.2
    endloop
  endfacet
  facet normal 0 -1 -0
    outer loop
      vertex 2.74 -32.75 -1.2
      vertex 2.34 -32.75 -10.9
      vertex 2.74 -32.75 -10.9
    endloop
  endfacet
  facet normal 1 0 0
    outer loop
      vertex 4.01 -29.9 -1.2
      vertex 4.01 -32.5 -1.45
      vertex 4.01 -29.9 -1.45
    endloop
  endfacet
  facet normal 1 0 0
    outer loop
      vertex 4.01 -32.75 -1.2
      vertex 4.01 -32.5 -5.7
      vertex 4.01 -32.5 -1.45
    endloop
  endfacet
  facet normal 1 -0 0
    outer loop
      vertex 4.01 -32.75 -1.2
      vertex 4.01 -32.5 -1.45
      vertex 4.01 -29.9 -1.2
    endloop
  endfacet
  facet normal 1 0 0
    outer loop
      vertex 4.01 -32.5 -5.7
      vertex 4.01 -32.75 -1.2
      vertex 4.01 -32.75 -10.9
    endloop
  endfacet
  facet normal 1 0 0
    outer loop
      vertex 4.01 -32.5 -5.7
      vertex 4.01 -32.75 -10.9
      vertex 4.01 -32.5 -10.9
    endloop
  endfacet
  facet normal -0 0 1
    outer loop
      vertex 3.61 -29.9 -1.2
      vertex 4.01 -32.75 -1.2
      vertex 4.01 -29.9 -1.2
    endloop
  endfacet
  facet normal 0 0 1
    outer loop
      vertex 4.01 -32.75 -1.2
      vertex 3.61 -29.9 -1.2
      vertex 3.61 -32.75 -1.2
    endloop
  endfacet
  facet normal -1 0 0
    outer loop
      vertex 3.61 -32.75 -10.9
      vertex 3.61 -32.5 -5.7
      vertex 3.61 -32.5 -10.9
    endloop
  endfacet
  facet normal -1 0 0
    outer loop
      vertex 3.61 -32.75 -1.2
      vertex 3.61 -32.5 -5.7
      vertex 3.61 -32.75 -10.9
    endloop
  endfacet
  facet normal -1 0 0
    outer loop
      vertex 3.61 -32.5 -1.45
      vertex 3.61 -29.9 -1.2
      vertex 3.61 -29.9 -1.45
    endloop
  endfacet
  facet normal -1 0 0
    outer loop
      vertex 3.61 -32.5 -1.45
      vertex 3.61 -32.75 -1.2
      vertex 3.61 -29.9 -1.2
    endloop
  endfacet
  facet normal -1 0 0
    outer loop
      vertex 3.61 -32.5 -5.7
      vertex 3.61 -32.75 -1.2
      vertex 3.61 -32.5 -1.45
    endloop
  endfacet
  facet normal 0 1 -0
    outer loop
      vertex 4.01 -29.9 -1.45
      vertex 3.61 -29.9 -1.2
      vertex 4.01 -29.9 -1.2
    endloop
  endfacet
  facet normal 0 1 0
    outer loop
      vertex 3.61 -29.9 -1.2
      vertex 4.01 -29.9 -1.45
      vertex 3.61 -29.9 -1.45
    endloop
  endfacet
  facet normal 0 0 -1
    outer loop
      vertex 3.61 -32.75 -10.9
      vertex 4.01 -32.5 -10.9
      vertex 4.01 -32.75 -10.9
    endloop
  endfacet
  facet normal -0 0 -1
    outer loop
      vertex 4.01 -32.5 -10.9
      vertex 3.61 -32.75 -10.9
      vertex 3.61 -32.5 -10.9
    endloop
  endfacet
  facet normal 0 -1 0
    outer loop
      vertex 3.61 -32.75 -10.9
      vertex 4.01 -32.75 -1.2
      vertex 3.61 -32.75 -1.2
    endloop
  endfacet
  facet normal 0 -1 -0
    outer loop
      vertex 4.01 -32.75 -1.2
      vertex 3.61 -32.75 -10.9
      vertex 4.01 -32.75 -10.9
    endloop
  endfacet
  facet normal 1 0 0
    outer loop
      vertex 5.28 -29.9 -1.2
      vertex 5.28 -32.5 -1.45
      vertex 5.28 -29.9 -1.45
    endloop
  endfacet
  facet normal 1 0 0
    outer loop
      vertex 5.28 -32.75 -1.2
      vertex 5.28 -32.5 -5.7
      vertex 5.28 -32.5 -1.45
    endloop
  endfacet
  facet normal 1 -0 0
    outer loop
      vertex 5.28 -32.75 -1.2
      vertex 5.28 -32.5 -1.45
      vertex 5.28 -29.9 -1.2
    endloop
  endfacet
  facet normal 1 0 0
    outer loop
      vertex 5.28 -32.5 -5.7
      vertex 5.28 -32.75 -1.2
      vertex 5.28 -32.75 -10.9
    endloop
  endfacet
  facet normal 1 0 0
    outer loop
      vertex 5.28 -32.5 -5.7
      vertex 5.28 -32.75 -10.9
      vertex 5.28 -32.5 -10.9
    endloop
  endfacet
  facet normal -0 0 1
    outer loop
      vertex 4.88 -29.9 -1.2
      vertex 5.28 -32.75 -1.2
      vertex 5.28 -29.9 -1.2
    endloop
  endfacet
  facet normal 0 0 1
    outer loop
      vertex 5.28 -32.75 -1.2
      vertex 4.88 -29.9 -1.2
      vertex 4.88 -32.75 -1.2
    endloop
  endfacet
  facet normal -1 0 0
    outer loop
      vertex 4.88 -32.75 -10.9
      vertex 4.88 -32.5 -5.7
      vertex 4.88 -32.5 -10.9
    endloop
  endfacet
  facet normal -1 0 0
    outer loop
      vertex 4.88 -32.75 -1.2
      vertex 4.88 -32.5 -5.7
      vertex 4.88 -32.75 -10.9
    endloop
  endfacet
  facet normal -1 0 0
    outer loop
      vertex 4.88 -32.5 -1.45
      vertex 4.88 -29.9 -1.2
      vertex 4.88 -29.9 -1.45
    endloop
  endfacet
  facet normal -1 0 0
    outer loop
      vertex 4.88 -32.5 -1.45
      vertex 4.88 -32.75 -1.2
      vertex 4.88 -29.9 -1.2
    endloop
  endfacet
  facet normal -1 0 0
    outer loop
      vertex 4.88 -32.5 -5.7
      vertex 4.88 -32.75 -1.2
      vertex 4.88 -32.5 -1.45
    endloop
  endfacet
  facet normal 0 1 -0
    outer loop
      vertex 5.28 -29.9 -1.45
      vertex 4.88 -29.9 -1.2
      vertex 5.28 -29.9 -1.2
    endloop
  endfacet
  facet normal 0 1 0
    outer loop
      vertex 4.88 -29.9 -1.2
      vertex 5.28 -29.9 -1.45
      vertex 4.88 -29.9 -1.45
    endloop
  endfacet
  facet normal 0 0 -1
    outer loop
      vertex 4.88 -32.75 -10.9
      vertex 5.28 -32.5 -10.9
      vertex 5.28 -32.75 -10.9
    endloop
  endfacet
  facet normal -0 0 -1
    outer loop
      vertex 5.28 -32.5 -10.9
      vertex 4.88 -32.75 -10.9
      vertex 4.88 -32.5 -10.9
    endloop
  endfacet
  facet normal 0 -1 0
    outer loop
      vertex 4.88 -32.75 -10.9
      vertex 5.28 -32.75 -1.2
      vertex 4.88 -32.75 -1.2
    endloop
  endfacet
  facet normal 0 -1 -0
    outer loop
      vertex 5.28 -32.75 -1.2
      vertex 4.88 -32.75 -10.9
      vertex 5.28 -32.75 -10.9
    endloop
  endfacet
  facet normal 1 0 0
    outer loop
      vertex 6.55 -29.9 -1.2
      vertex 6.55 -32.5 -1.45
      vertex 6.55 -29.9 -1.45
    endloop
  endfacet
  facet normal 1 0 0
    outer loop
      vertex 6.55 -32.75 -1.2
      vertex 6.55 -32.5 -5.7
      vertex 6.55 -32.5 -1.45
    endloop
  endfacet
  facet normal 1 -0 0
    outer loop
      vertex 6.55 -32.75 -1.2
      vertex 6.55 -32.5 -1.45
      vertex 6.55 -29.9 -1.2
    endloop
  endfacet
  facet normal 1 0 0
    outer loop
      vertex 6.55 -32.5 -5.7
      vertex 6.55 -32.75 -1.2
      vertex 6.55 -32.75 -10.9
    endloop
  endfacet
  facet normal 1 0 0
    outer loop
      vertex 6.55 -32.5 -5.7
      vertex 6.55 -32.75 -10.9
      vertex 6.55 -32.5 -10.9
    endloop
  endfacet
  facet normal -0 0 1
    outer loop
      vertex 6.15 -29.9 -1.2
      vertex 6.55 -32.75 -1.2
      vertex 6.55 -29.9 -1.2
    endloop
  endfacet
  facet normal 0 0 1
    outer loop
      vertex 6.55 -32.75 -1.2
      vertex 6.15 -29.9 -1.2
      vertex 6.15 -32.75 -1.2
    endloop
  endfacet
  facet normal -1 0 0
    outer loop
      vertex 6.15 -32.75 -10.9
      vertex 6.15 -32.5 -5.7
      vertex 6.15 -32.5 -10.9
    endloop
  endfacet
  facet normal -1 0 0
    outer loop
      vertex 6.15 -32.75 -1.2
      vertex 6.15 -32.5 -5.7
      vertex 6.15 -32.75 -10.9
    endloop
  endfacet
  facet normal -1 0 0
    outer loop
      vertex 6.15 -32.5 -1.45
      vertex 6.15 -29.9 -1.2
      vertex 6.15 -29.9 -1.45
    endloop
  endfacet
  facet normal -1 0 0
    outer loop
      vertex 6.15 -32.5 -1.45
      vertex 6.15 -32.75 -1.2
      vertex 6.15 -29.9 -1.2
    endloop
  endfacet
  facet normal -1 0 0
    outer loop
      vertex 6.15 -32.5 -5.7
      vertex 6.15 -32.75 -1.2
      vertex 6.15 -32.5 -1.45
    endloop
  endfacet
  facet normal 0 1 -0
    outer loop
      vertex 6.55 -29.9 -1.45
      vertex 6.15 -29.9 -1.2
      vertex 6.55 -29.9 -1.2
    endloop
  endfacet
  facet normal 0 1 0
    outer loop
      vertex 6.15 -29.9 -1.2
      vertex 6.55 -29.9 -1.45
      vertex 6.15 -29.9 -1.45
    endloop
  endfacet
  facet normal 0 0 -1
    outer loop
      vertex 6.15 -32.75 -10.9
      vertex 6.55 -32.5 -10.9
      vertex 6.55 -32.75 -10.9
    endloop
  endfacet
  facet normal -0 0 -1
    outer loop
      vertex 6.55 -32.5 -10.9
      vertex 6.15 -32.75 -10.9
      vertex 6.15 -32.5 -10.9
    endloop
  endfacet
  facet normal 0 -1 0
    outer loop
      vertex 6.15 -32.75 -10.9
      vertex 6.55 -32.75 -1.2
      vertex 6.15 -32.75 -1.2
    endloop
  endfacet
  facet normal 0 -1 -0
    outer loop
      vertex 6.55 -32.75 -1.2
      vertex 6.15 -32.75 -10.9
      vertex 6.55 -32.75 -10.9
    endloop
  endfacet
  facet normal 1 0 0
    outer loop
      vertex 7.82 -29.9 -1.2
      vertex 7.82 -32.5 -1.45
      vertex 7.82 -29.9 -1.45
    endloop
  endfacet
  facet normal 1 0 0
    outer loop
      vertex 7.82 -32.75 -1.2
      vertex 7.82 -32.5 -5.7
      vertex 7.82 -32.5 -1.45
    endloop
  endfacet
  facet normal 1 -0 0
    outer loop
      vertex 7.82 -32.75 -1.2
      vertex 7.82 -32.5 -1.45
      vertex 7.82 -29.9 -1.2
    endloop
  endfacet
  facet normal 1 0 0
    outer loop
      vertex 7.82 -32.5 -5.7
      vertex 7.82 -32.75 -1.2
      vertex 7.82 -32.75 -10.9
    endloop
  endfacet
  facet normal 1 0 0
    outer loop
      vertex 7.82 -32.5 -5.7
      vertex 7.82 -32.75 -10.9
      vertex 7.82 -32.5 -10.9
    endloop
  endfacet
  facet normal -0 0 1
    outer loop
      vertex 7.42 -29.9 -1.2
      vertex 7.82 -32.75 -1.2
      vertex 7.82 -29.9 -1.2
    endloop
  endfacet
  facet normal 0 0 1
    outer loop
      vertex 7.82 -32.75 -1.2
      vertex 7.42 -29.9 -1.2
      vertex 7.42 -32.75 -1.2
    endloop
  endfacet
  facet normal -1 0 0
    outer loop
      vertex 7.42 -32.75 -10.9
      vertex 7.42 -32.5 -5.7
      vertex 7.42 -32.5 -10.9
    endloop
  endfacet
  facet normal -1 0 0
    outer loop
      vertex 7.42 -32.75 -1.2
      vertex 7.42 -32.5 -5.7
      vertex 7.42 -32.75 -10.9
    endloop
  endfacet
  facet normal -1 0 0
    outer loop
      vertex 7.42 -32.5 -1.45
      vertex 7.42 -29.9 -1.2
      vertex 7.42 -29.9 -1.45
    endloop
  endfacet
  facet normal -1 0 0
    outer loop
      vertex 7.42 -32.5 -1.45
      vertex 7.42 -32.75 -1.2
      vertex 7.42 -29.9 -1.2
    endloop
  endfacet
  facet normal -1 0 0
    outer loop
      vertex 7.42 -32.5 -5.7
      vertex 7.42 -32.75 -1.2
      vertex 7.42 -32.5 -1.45
    endloop
  endfacet
  facet normal 0 1 -0
    outer loop
      vertex 7.82 -29.9 -1.45
      vertex 7.42 -29.9 -1.2
      vertex 7.82 -29.9 -1.2
    endloop
  endfacet
  facet normal 0 1 0
    outer loop
      vertex 7.42 -29.9 -1.2
      vertex 7.82 -29.9 -1.45
      vertex 7.42 -29.9 -1.45
    endloop
  endfacet
  facet normal 0 0 -1
    outer loop
      vertex 7.42 -32.75 -10.9
      vertex 7.82 -32.5 -10.9
      vertex 7.82 -32.75 -10.9
    endloop
  endfacet
  facet normal -0 0 -1
    outer loop
      vertex 7.82 -32.5 -10.9
      vertex 7.42 -32.75 -10.9
      vertex 7.42 -32.5 -10.9
    endloop
  endfacet
  facet normal 0 -1 0
    outer loop
      vertex 7.42 -32.75 -10.9
      vertex 7.82 -32.75 -1.2
      vertex 7.42 -32.75 -1.2
    endloop
  endfacet
  facet normal 0 -1 -0
    outer loop
      vertex 7.82 -32.75 -1.2
      vertex 7.42 -32.75 -10.9
      vertex 7.82 -32.75 -10.9
    endloop
  endfacet
  facet normal 1 0 0
    outer loop
      vertex 9.09 -29.9 -1.2
      vertex 9.09 -32.5 -1.45
      vertex 9.09 -29.9 -1.45
    endloop
  endfacet
  facet normal 1 0 0
    outer loop
      vertex 9.09 -32.75 -1.2
      vertex 9.09 -32.5 -5.7
      vertex 9.09 -32.5 -1.45
    endloop
  endfacet
  facet normal 1 -0 0
    outer loop
      vertex 9.09 -32.75 -1.2
      vertex 9.09 -32.5 -1.45
      vertex 9.09 -29.9 -1.2
    endloop
  endfacet
  facet normal 1 0 0
    outer loop
      vertex 9.09 -32.5 -5.7
      vertex 9.09 -32.75 -1.2
      vertex 9.09 -32.75 -10.9
    endloop
  endfacet
  facet normal 1 0 0
    outer loop
      vertex 9.09 -32.5 -5.7
      vertex 9.09 -32.75 -10.9
      vertex 9.09 -32.5 -10.9
    endloop
  endfacet
  facet normal -0 0 1
    outer loop
      vertex 8.69 -29.9 -1.2
      vertex 9.09 -32.75 -1.2
      vertex 9.09 -29.9 -1.2
    endloop
  endfacet
  facet normal 0 0 1
    outer loop
      vertex 9.09 -32.75 -1.2
      vertex 8.69 -29.9 -1.2
      vertex 8.69 -32.75 -1.2
    endloop
  endfacet
  facet normal -1 0 0
    outer loop
      vertex 8.69 -32.75 -10.9
      vertex 8.69 -32.5 -5.7
      vertex 8.69 -32.5 -10.9
    endloop
  endfacet
  facet normal -1 0 0
    outer loop
      vertex 8.69 -32.75 -1.2
      vertex 8.69 -32.5 -5.7
      vertex 8.69 -32.75 -10.9
    endloop
  endfacet
  facet normal -1 0 0
    outer loop
      vertex 8.69 -32.5 -1.45
      vertex 8.69 -29.9 -1.2
      vertex 8.69 -29.9 -1.45
    endloop
  endfacet
  facet normal -1 0 0
    outer loop
      vertex 8.69 -32.5 -1.45
      vertex 8.69 -32.75 -1.2
      vertex 8.69 -29.9 -1.2
    endloop
  endfacet
  facet normal -1 0 0
    outer loop
      vertex 8.69 -32.5 -5.7
      vertex 8.69 -32.75 -1.2
      vertex 8.69 -32.5 -1.45
    endloop
  endfacet
  facet normal 0 1 -0
    outer loop
      vertex 9.09 -29.9 -1.45
      vertex 8.69 -29.9 -1.2
      vertex 9.09 -29.9 -1.2
    endloop
  endfacet
  facet normal 0 1 0
    outer loop
      vertex 8.69 -29.9 -1.2
      vertex 9.09 -29.9 -1.45
      vertex 8.69 -29.9 -1.45
    endloop
  endfacet
  facet normal 0 0 -1
    outer loop
      vertex 8.69 -32.75 -10.9
      vertex 9.09 -32.5 -10.9
      vertex 9.09 -32.75 -10.9
    endloop
  endfacet
  facet normal -0 0 -1
    outer loop
      vertex 9.09 -32.5 -10.9
      vertex 8.69 -32.75 -10.9
      vertex 8.69 -32.5 -10.9
    endloop
  endfacet
  facet normal 0 -1 0
    outer loop
      vertex 8.69 -32.75 -10.9
      vertex 9.09 -32.75 -1.2
      vertex 8.69 -32.75 -1.2
    endloop
  endfacet
  facet normal 0 -1 -0
    outer loop
      vertex 9.09 -32.75 -1.2
      vertex 8.69 -32.75 -10.9
      vertex 9.09 -32.75 -10.9
    endloop
  endfacet
  facet normal 1 0 0
    outer loop
      vertex 10.36 -29.9 -1.2
      vertex 10.36 -32.5 -1.45
      vertex 10.36 -29.9 -1.45
    endloop
  endfacet
  facet normal 1 0 0
    outer loop
      vertex 10.36 -32.75 -1.2
      vertex 10.36 -32.5 -5.7
      vertex 10.36 -32.5 -1.45
    endloop
  endfacet
  facet normal 1 -0 0
    outer loop
      vertex 10.36 -32.75 -1.2
      vertex 10.36 -32.5 -1.45
      vertex 10.36 -29.9 -1.2
    endloop
  endfacet
  facet normal 1 0 0
    outer loop
      vertex 10.36 -32.5 -5.7
      vertex 10.36 -32.75 -1.2
      vertex 10.36 -32.75 -10.9
    endloop
  endfacet
  facet normal 1 0 0
    outer loop
      vertex 10.36 -32.5 -5.7
      vertex 10.36 -32.75 -10.9
      vertex 10.36 -32.5 -10.9
    endloop
  endfacet
  facet normal -0 0 1
    outer loop
      vertex 9.96 -29.9 -1.2
      vertex 10.36 -32.75 -1.2
      vertex 10.36 -29.9 -1.2
    endloop
  endfacet
  facet normal 0 0 1
    outer loop
      vertex 10.36 -32.75 -1.2
      vertex 9.96 -29.9 -1.2
      vertex 9.96 -32.75 -1.2
    endloop
  endfacet
  facet normal -1 0 0
    outer loop
      vertex 9.96 -32.75 -10.9
      vertex 9.96 -32.5 -5.7
      vertex 9.96 -32.5 -10.9
    endloop
  endfacet
  facet normal -1 0 0
    outer loop
      vertex 9.96 -32.75 -1.2
      vertex 9.96 -32.5 -5.7
      vertex 9.96 -32.75 -10.9
    endloop
  endfacet
  facet normal -1 0 0
    outer loop
      vertex 9.96 -32.5 -1.45
      vertex 9.96 -29.9 -1.2
      vertex 9.96 -29.9 -1.45
    endloop
  endfacet
  facet normal -1 0 0
    outer loop
      vertex 9.96 -32.5 -1.45
      vertex 9.96 -32.75 -1.2
      vertex 9.96 -29.9 -1.2
    endloop
  endfacet
  facet normal -1 0 0
    outer loop
      vertex 9.96 -32.5 -5.7
      vertex 9.96 -32.75 -1.2
      vertex 9.96 -32.5 -1.45
    endloop
  endfacet
  facet normal 0 1 -0
    outer loop
      vertex 10.36 -29.9 -1.45
      vertex 9.96 -29.9 -1.2
      vertex 10.36 -29.9 -1.2
    endloop
  endfacet
  facet normal 0 1 0
    outer loop
      vertex 9.96 -29.9 -1.2
      vertex 10.36 -29.9 -1.45
      vertex 9.96 -29.9 -1.45
    endloop
  endfacet
  facet normal 0 0 -1
    outer loop
      vertex 9.96 -32.75 -10.9
      vertex 10.36 -32.5 -10.9
      vertex 10.36 -32.75 -10.9
    endloop
  endfacet
  facet normal -0 0 -1
    outer loop
      vertex 10.36 -32.5 -10.9
      vertex 9.96 -32.75 -10.9
      vertex 9.96 -32.5 -10.9
    endloop
  endfacet
  facet normal 0 -1 0
    outer loop
      vertex 9.96 -32.75 -10.9
      vertex 10.36 -32.75 -1.2
      vertex 9.96 -32.75 -1.2
    endloop
  endfacet
  facet normal 0 -1 -0
    outer loop
      vertex 10.36 -32.75 -1.2
      vertex 9.96 -32.75 -10.9
      vertex 10.36 -32.75 -10.9
    endloop
  endfacet
  facet normal 1 0 0
    outer loop
      vertex 11.63 -29.9 -1.2
      vertex 11.63 -32.5 -1.45
      vertex 11.63 -29.9 -1.45
    endloop
  endfacet
  facet normal 1 0 0
    outer loop
      vertex 11.63 -32.75 -1.2
      vertex 11.63 -32.5 -5.7
      vertex 11.63 -32.5 -1.45
    endloop
  endfacet
  facet normal 1 -0 0
    outer loop
      vertex 11.63 -32.75 -1.2
      vertex 11.63 -32.5 -1.45
      vertex 11.63 -29.9 -1.2
    endloop
  endfacet
  facet normal 1 0 0
    outer loop
      vertex 11.63 -32.5 -5.7
      vertex 11.63 -32.75 -1.2
      vertex 11.63 -32.75 -10.9
    endloop
  endfacet
  facet normal 1 0 0
    outer loop
      vertex 11.63 -32.5 -5.7
      vertex 11.63 -32.75 -10.9
      vertex 11.63 -32.5 -10.9
    endloop
  endfacet
  facet normal -0 0 1
    outer loop
      vertex 11.23 -29.9 -1.2
      vertex 11.63 -32.75 -1.2
      vertex 11.63 -29.9 -1.2
    endloop
  endfacet
  facet normal 0 0 1
    outer loop
      vertex 11.63 -32.75 -1.2
      vertex 11.23 -29.9 -1.2
      vertex 11.23 -32.75 -1.2
    endloop
  endfacet
  facet normal -1 0 0
    outer loop
      vertex 11.23 -32.75 -10.9
      vertex 11.23 -32.5 -5.7
      vertex 11.23 -32.5 -10.9
    endloop
  endfacet
  facet normal -1 0 0
    outer loop
      vertex 11.23 -32.75 -1.2
      vertex 11.23 -32.5 -5.7
      vertex 11.23 -32.75 -10.9
    endloop
  endfacet
  facet normal -1 0 0
    outer loop
      vertex 11.23 -32.5 -1.45
      vertex 11.23 -29.9 -1.2
      vertex 11.23 -29.9 -1.45
    endloop
  endfacet
  facet normal -1 0 0
    outer loop
      vertex 11.23 -32.5 -1.45
      vertex 11.23 -32.75 -1.2
      vertex 11.23 -29.9 -1.2
    endloop
  endfacet
  facet normal -1 0 0
    outer loop
      vertex 11.23 -32.5 -5.7
      vertex 11.23 -32.75 -1.2
      vertex 11.23 -32.5 -1.45
    endloop
  endfacet
  facet normal 0 1 -0
    outer loop
      vertex 11.63 -29.9 -1.45
      vertex 11.23 -29.9 -1.2
      vertex 11.63 -29.9 -1.2
    endloop
  endfacet
  facet normal 0 1 0
    outer loop
      vertex 11.23 -29.9 -1.2
      vertex 11.63 -29.9 -1.45
      vertex 11.23 -29.9 -1.45
    endloop
  endfacet
  facet normal 0 0 -1
    outer loop
      vertex 11.23 -32.75 -10.9
      vertex 11.63 -32.5 -10.9
      vertex 11.63 -32.75 -10.9
    endloop
  endfacet
  facet normal -0 0 -1
    outer loop
      vertex 11.63 -32.5 -10.9
      vertex 11.23 -32.75 -10.9
      vertex 11.23 -32.5 -10.9
    endloop
  endfacet
  facet normal 0 -1 0
    outer loop
      vertex 11.23 -32.75 -10.9
      vertex 11.63 -32.75 -1.2
      vertex 11.23 -32.75 -1.2
    endloop
  endfacet
  facet normal 0 -1 -0
    outer loop
      vertex 11.63 -32.75 -1.2
      vertex 11.23 -32.75 -10.9
      vertex 11.63 -32.75 -10.9
    endloop
  endfacet
  facet normal 1 0 0
    outer loop
      vertex 12.9 -29.9 -1.2
      vertex 12.9 -32.5 -1.45
      vertex 12.9 -29.9 -1.45
    endloop
  endfacet
  facet normal 1 0 0
    outer loop
      vertex 12.9 -32.75 -1.2
      vertex 12.9 -32.5 -5.7
      vertex 12.9 -32.5 -1.45
    endloop
  endfacet
  facet normal 1 -0 0
    outer loop
      vertex 12.9 -32.75 -1.2
      vertex 12.9 -32.5 -1.45
      vertex 12.9 -29.9 -1.2
    endloop
  endfacet
  facet normal 1 0 0
    outer loop
      vertex 12.9 -32.5 -5.7
      vertex 12.9 -32.75 -1.2
      vertex 12.9 -32.75 -10.9
    endloop
  endfacet
  facet normal 1 0 0
    outer loop
      vertex 12.9 -32.5 -5.7
      vertex 12.9 -32.75 -10.9
      vertex 12.9 -32.5 -10.9
    endloop
  endfacet
  facet normal -0 0 1
    outer loop
      vertex 12.5 -29.9 -1.2
      vertex 12.9 -32.75 -1.2
      vertex 12.9 -29.9 -1.2
    endloop
  endfacet
  facet normal 0 0 1
    outer loop
      vertex 12.9 -32.75 -1.2
      vertex 12.5 -29.9 -1.2
      vertex 12.5 -32.75 -1.2
    endloop
  endfacet
  facet normal -1 0 0
    outer loop
      vertex 12.5 -32.75 -10.9
      vertex 12.5 -32.5 -5.7
      vertex 12.5 -32.5 -10.9
    endloop
  endfacet
  facet normal -1 0 0
    outer loop
      vertex 12.5 -32.75 -1.2
      vertex 12.5 -32.5 -5.7
      vertex 12.5 -32.75 -10.9
    endloop
  endfacet
  facet normal -1 0 0
    outer loop
      vertex 12.5 -32.5 -1.45
      vertex 12.5 -29.9 -1.2
      vertex 12.5 -29.9 -1.45
    endloop
  endfacet
  facet normal -1 0 0
    outer loop
      vertex 12.5 -32.5 -1.45
      vertex 12.5 -32.75 -1.2
      vertex 12.5 -29.9 -1.2
    endloop
  endfacet
  facet normal -1 0 0
    outer loop
      vertex 12.5 -32.5 -5.7
      vertex 12.5 -32.75 -1.2
      vertex 12.5 -32.5 -1.45
    endloop
  endfacet
  facet normal 0 1 -0
    outer loop
      vertex 12.9 -29.9 -1.45
      vertex 12.5 -29.9 -1.2
      vertex 12.9 -29.9 -1.2
    endloop
  endfacet
  facet normal 0 1 0
    outer loop
      vertex 12.5 -29.9 -1.2
      vertex 12.9 -29.9 -1.45
      vertex 12.5 -29.9 -1.45
    endloop
  endfacet
  facet normal 0 0 -1
    outer loop
      vertex 12.5 -32.75 -10.9
      vertex 12.9 -32.5 -10.9
      vertex 12.9 -32.75 -10.9
    endloop
  endfacet
  facet normal -0 0 -1
    outer loop
      vertex 12.9 -32.5 -10.9
      vertex 12.5 -32.75 -10.9
      vertex 12.5 -32.5 -10.9
    endloop
  endfacet
  facet normal 0 -1 0
    outer loop
      vertex 12.5 -32.75 -10.9
      vertex 12.9 -32.75 -1.2
      vertex 12.5 -32.75 -1.2
    endloop
  endfacet
  facet normal 0 -1 -0
    outer loop
      vertex 12.9 -32.75 -1.2
      vertex 12.5 -32.75 -10.9
      vertex 12.9 -32.75 -10.9
    endloop
  endfacet
  facet normal 1 0 0
    outer loop
      vertex 14.17 -29.9 -1.2
      vertex 14.17 -32.5 -1.45
      vertex 14.17 -29.9 -1.45
    endloop
  endfacet
  facet normal 1 0 0
    outer loop
      vertex 14.17 -32.75 -1.2
      vertex 14.17 -32.5 -5.7
      vertex 14.17 -32.5 -1.45
    endloop
  endfacet
  facet normal 1 -0 0
    outer loop
      vertex 14.17 -32.75 -1.2
      vertex 14.17 -32.5 -1.45
      vertex 14.17 -29.9 -1.2
    endloop
  endfacet
  facet normal 1 0 0
    outer loop
      vertex 14.17 -32.5 -5.7
      vertex 14.17 -32.75 -1.2
      vertex 14.17 -32.75 -10.9
    endloop
  endfacet
  facet normal 1 0 0
    outer loop
      vertex 14.17 -32.5 -5.7
      vertex 14.17 -32.75 -10.9
      vertex 14.17 -32.5 -10.9
    endloop
  endfacet
  facet normal -0 0 1
    outer loop
      vertex 13.77 -29.9 -1.2
      vertex 14.17 -32.75 -1.2
      vertex 14.17 -29.9 -1.2
    endloop
  endfacet
  facet normal 0 0 1
    outer loop
      vertex 14.17 -32.75 -1.2
      vertex 13.77 -29.9 -1.2
      vertex 13.77 -32.75 -1.2
    endloop
  endfacet
  facet normal -1 0 0
    outer loop
      vertex 13.77 -32.75 -10.9
      vertex 13.77 -32.5 -5.7
      vertex 13.77 -32.5 -10.9
    endloop
  endfacet
  facet normal -1 0 0
    outer loop
      vertex 13.77 -32.75 -1.2
      vertex 13.77 -32.5 -5.7
      vertex 13.77 -32.75 -10.9
    endloop
  endfacet
  facet normal -1 0 0
    outer loop
      vertex 13.77 -32.5 -1.45
      vertex 13.77 -29.9 -1.2
      vertex 13.77 -29.9 -1.45
    endloop
  endfacet
  facet normal -1 0 0
    outer loop
      vertex 13.77 -32.5 -1.45
      vertex 13.77 -32.75 -1.2
      vertex 13.77 -29.9 -1.2
    endloop
  endfacet
  facet normal -1 0 0
    outer loop
      vertex 13.77 -32.5 -5.7
      vertex 13.77 -32.75 -1.2
      vertex 13.77 -32.5 -1.45
    endloop
  endfacet
  facet normal 0 1 -0
    outer loop
      vertex 14.17 -29.9 -1.45
      vertex 13.77 -29.9 -1.2
      vertex 14.17 -29.9 -1.2
    endloop
  endfacet
  facet normal 0 1 0
    outer loop
      vertex 13.77 -29.9 -1.2
      vertex 14.17 -29.9 -1.45
      vertex 13.77 -29.9 -1.45
    endloop
  endfacet
  facet normal 0 0 -1
    outer loop
      vertex 13.77 -32.75 -10.9
      vertex 14.17 -32.5 -10.9
      vertex 14.17 -32.75 -10.9
    endloop
  endfacet
  facet normal -0 0 -1
    outer loop
      vertex 14.17 -32.5 -10.9
      vertex 13.77 -32.75 -10.9
      vertex 13.77 -32.5 -10.9
    endloop
  endfacet
  facet normal 0 -1 0
    outer loop
      vertex 13.77 -32.75 -10.9
      vertex 14.17 -32.75 -1.2
      vertex 13.77 -32.75 -1.2
    endloop
  endfacet
  facet normal 0 -1 -0
    outer loop
      vertex 14.17 -32.75 -1.2
      vertex 13.77 -32.75 -10.9
      vertex 14.17 -32.75 -10.9
    endloop
  endfacet
  facet normal 1 -0 0
    outer loop
      vertex -29.1 -31.85 -5.7
      vertex -29.1 -31.35 -9.5
      vertex -29.1 -31.35 -5.7
    endloop
  endfacet
  facet normal 1 0 0
    outer loop
      vertex -29.1 -31.35 -9.5
      vertex -29.1 -31.85 -5.7
      vertex -29.1 -31.85 -9.5
    endloop
  endfacet
  facet normal 0 0 -1
    outer loop
      vertex -30.9 -31.85 -9.5
      vertex -29.1 -31.35 -9.5
      vertex -29.1 -31.85 -9.5
    endloop
  endfacet
  facet normal -0 0 -1
    outer loop
      vertex -29.1 -31.35 -9.5
      vertex -30.9 -31.85 -9.5
      vertex -30.9 -31.35 -9.5
    endloop
  endfacet
  facet normal -1 0 0
    outer loop
      vertex -30.9 -31.85 -9.5
      vertex -30.9 -31.35 -5.7
      vertex -30.9 -31.35 -9.5
    endloop
  endfacet
  facet normal -1 -0 0
    outer loop
      vertex -30.9 -31.35 -5.7
      vertex -30.9 -31.85 -9.5
      vertex -30.9 -31.85 -5.7
    endloop
  endfacet
  facet normal 0 1 -0
    outer loop
      vertex -29.1 -31.35 -9.5
      vertex -30.9 -31.35 -5.7
      vertex -29.1 -31.35 -5.7
    endloop
  endfacet
  facet normal 0 1 0
    outer loop
      vertex -30.9 -31.35 -5.7
      vertex -29.1 -31.35 -9.5
      vertex -30.9 -31.35 -9.5
    endloop
  endfacet
  facet normal 0 -1 0
    outer loop
      vertex -30.9 -31.85 -9.5
      vertex -29.1 -31.85 -5.7
      vertex -30.9 -31.85 -5.7
    endloop
  endfacet
  facet normal 0 -1 -0
    outer loop
      vertex -29.1 -31.85 -5.7
      vertex -30.9 -31.85 -9.5
      vertex -29.1 -31.85 -9.5
    endloop
  endfacet
  facet normal 1 -0 0
    outer loop
      vertex 30.9 -31.85 -5.7
      vertex 30.9 -31.35 -9.5
      vertex 30.9 -31.35 -5.7
    endloop
  endfacet
  facet normal 1 0 0
    outer loop
      vertex 30.9 -31.35 -9.5
      vertex 30.9 -31.85 -5.7
      vertex 30.9 -31.85 -9.5
    endloop
  endfacet
  facet normal 0 0 -1
    outer loop
      vertex 29.1 -31.85 -9.5
      vertex 30.9 -31.35 -9.5
      vertex 30.9 -31.85 -9.5
    endloop
  endfacet
  facet normal -0 0 -1
    outer loop
      vertex 30.9 -31.35 -9.5
      vertex 29.1 -31.85 -9.5
      vertex 29.1 -31.35 -9.5
    endloop
  endfacet
  facet normal -1 0 0
    outer loop
      vertex 29.1 -31.85 -9.5
      vertex 29.1 -31.35 -5.7
      vertex 29.1 -31.35 -9.5
    endloop
  endfacet
  facet normal -1 -0 0
    outer loop
      vertex 29.1 -31.35 -5.7
      vertex 29.1 -31.85 -9.5
      vertex 29.1 -31.85 -5.7
    endloop
  endfacet
  facet normal 0 1 -0
    outer loop
      vertex 30.9 -31.35 -9.5
      vertex 29.1 -31.35 -5.7
      vertex 30.9 -31.35 -5.7
    endloop
  endfacet
  facet normal 0 1 0
    outer loop
      vertex 29.1 -31.35 -5.7
      vertex 30.9 -31.35 -9.5
      vertex 29.1 -31.35 -9.5
    endloop
  endfacet
  facet normal 0 -1 0
    outer loop
      vertex 29.1 -31.85 -9.5
      vertex 30.9 -31.85 -5.7
      vertex 29.1 -31.85 -5.7
    endloop
  endfacet
  facet normal 0 -1 -0
    outer loop
      vertex 30.9 -31.85 -5.7
      vertex 29.1 -31.85 -9.5
      vertex 30.9 -31.85 -9.5
    endloop
  endfacet
  facet normal 0.0875018 0.890996 -0.445498
    outer loop
      vertex -47.4029 -31.0115 -7.7
      vertex -47.52 -31 -7.7
      vertex -47.52 -30.85 -7.4
    endloop
  endfacet
  facet normal 0.421855 0.789646 -0.445531
    outer loop
      vertex -47.1867 -31.1011 -7.7
      vertex -47.2904 -31.0457 -7.7
      vertex -47.233 -30.9071 -7.4
    endloop
  endfacet
  facet normal 0.890981 0.0876974 -0.445491
    outer loop
      vertex -46.77 -31.6 -7.4
      vertex -46.92 -31.6 -7.7
      vertex -46.7844 -31.4537 -7.4
    endloop
  endfacet
  facet normal 0.891035 0.0875055 -0.445421
    outer loop
      vertex -46.92 -31.6 -7.7
      vertex -46.9315 -31.4829 -7.7
      vertex -46.7844 -31.4537 -7.4
    endloop
  endfacet
  facet normal 0.0875055 -0.891035 -0.445421
    outer loop
      vertex -47.3737 -32.3356 -7.4
      vertex -47.52 -32.2 -7.7
      vertex -47.4029 -32.1885 -7.7
    endloop
  endfacet
  facet normal 0.789629 -0.421907 -0.445512
    outer loop
      vertex -46.8964 -32.0167 -7.4
      vertex -47.0211 -31.9333 -7.7
      vertex -46.8271 -31.887 -7.4
    endloop
  endfacet
  facet normal 0.260008 -0.856747 -0.445399
    outer loop
      vertex -47.3737 -32.3356 -7.4
      vertex -47.4029 -32.1885 -7.7
      vertex -47.233 -32.2929 -7.4
    endloop
  endfacet
  facet normal -0.692341 -0.567568 -0.445567
    outer loop
      vertex -47.9443 -32.0243 -7.7
      vertex -48.1436 -32.0167 -7.4
      vertex -48.0189 -31.9333 -7.7
    endloop
  endfacet
  facet normal -0.691935 0.568289 -0.445279
    outer loop
      vertex -47.9443 -31.1757 -7.7
      vertex -48.1436 -31.1833 -7.4
      vertex -48.0503 -31.0697 -7.4
    endloop
  endfacet
  facet normal -0.789629 -0.421907 -0.445512
    outer loop
      vertex -48.1436 -32.0167 -7.4
      vertex -48.2129 -31.887 -7.4
      vertex -48.0189 -31.9333 -7.7
    endloop
  endfacet
  facet normal 0.0876974 -0.890981 -0.445491
    outer loop
      vertex -47.3737 -32.3356 -7.4
      vertex -47.52 -32.35 -7.4
      vertex -47.52 -32.2 -7.7
    endloop
  endfacet
  facet normal 0.891035 -0.0875055 -0.445421
    outer loop
      vertex -46.7844 -31.7463 -7.4
      vertex -46.9315 -31.7171 -7.7
      vertex -46.92 -31.6 -7.7
    endloop
  endfacet
  facet normal 0.890981 -0.0876974 -0.445491
    outer loop
      vertex -46.7844 -31.7463 -7.4
      vertex -46.92 -31.6 -7.7
      vertex -46.77 -31.6 -7.4
    endloop
  endfacet
  facet normal -0.856747 -0.260008 -0.445399
    outer loop
      vertex -48.2129 -31.887 -7.4
      vertex -48.2556 -31.7463 -7.4
      vertex -48.1085 -31.7171 -7.7
    endloop
  endfacet
  facet normal 0.856684 -0.259989 -0.445532
    outer loop
      vertex -46.8271 -31.887 -7.4
      vertex -46.9657 -31.8296 -7.7
      vertex -46.7844 -31.7463 -7.4
    endloop
  endfacet
  facet normal 0.568289 0.691935 -0.445279
    outer loop
      vertex -47.0957 -31.1757 -7.7
      vertex -47.1033 -30.9764 -7.4
      vertex -46.9897 -31.0697 -7.4
    endloop
  endfacet
  facet normal -0.260008 -0.856747 -0.445399
    outer loop
      vertex -47.6663 -32.3356 -7.4
      vertex -47.807 -32.2929 -7.4
      vertex -47.6371 -32.1885 -7.7
    endloop
  endfacet
  facet normal -0.567568 0.692341 -0.445567
    outer loop
      vertex -47.8533 -31.1011 -7.7
      vertex -47.9443 -31.1757 -7.7
      vertex -47.9367 -30.9764 -7.4
    endloop
  endfacet
  facet normal 0.568289 -0.691935 -0.445279
    outer loop
      vertex -46.9897 -32.1303 -7.4
      vertex -47.1033 -32.2236 -7.4
      vertex -47.0957 -32.0243 -7.7
    endloop
  endfacet
  facet normal 0.567568 -0.692341 -0.445567
    outer loop
      vertex -47.1033 -32.2236 -7.4
      vertex -47.1867 -32.0989 -7.7
      vertex -47.0957 -32.0243 -7.7
    endloop
  endfacet
  facet normal 0.421907 -0.789629 -0.445512
    outer loop
      vertex -47.1033 -32.2236 -7.4
      vertex -47.233 -32.2929 -7.4
      vertex -47.1867 -32.0989 -7.7
    endloop
  endfacet
  facet normal 0.260392 0.856553 -0.445549
    outer loop
      vertex -47.2904 -31.0457 -7.7
      vertex -47.4029 -31.0115 -7.7
      vertex -47.233 -30.9071 -7.4
    endloop
  endfacet
  facet normal 0.691935 -0.568289 -0.445279
    outer loop
      vertex -46.9897 -32.1303 -7.4
      vertex -47.0957 -32.0243 -7.7
      vertex -46.8964 -32.0167 -7.4
    endloop
  endfacet
  facet normal 0.789646 -0.421855 -0.445531
    outer loop
      vertex -46.8271 -31.887 -7.4
      vertex -47.0211 -31.9333 -7.7
      vertex -46.9657 -31.8296 -7.7
    endloop
  endfacet
  facet normal -0.0875055 -0.891035 -0.445421
    outer loop
      vertex -47.52 -32.2 -7.7
      vertex -47.6663 -32.3356 -7.4
      vertex -47.6371 -32.1885 -7.7
    endloop
  endfacet
  facet normal -0.890981 -0.0876974 -0.445491
    outer loop
      vertex -48.2556 -31.7463 -7.4
      vertex -48.27 -31.6 -7.4
      vertex -48.12 -31.6 -7.7
    endloop
  endfacet
  facet normal 0.421855 -0.789646 -0.445531
    outer loop
      vertex -47.233 -32.2929 -7.4
      vertex -47.2904 -32.1543 -7.7
      vertex -47.1867 -32.0989 -7.7
    endloop
  endfacet
  facet normal -0.789646 -0.421855 -0.445531
    outer loop
      vertex -48.0189 -31.9333 -7.7
      vertex -48.2129 -31.887 -7.4
      vertex -48.0743 -31.8296 -7.7
    endloop
  endfacet
  facet normal -0.421855 -0.789646 -0.445531
    outer loop
      vertex -47.807 -32.2929 -7.4
      vertex -47.8533 -32.0989 -7.7
      vertex -47.7496 -32.1543 -7.7
    endloop
  endfacet
  facet normal 0.260392 -0.856553 -0.445549
    outer loop
      vertex -47.233 -32.2929 -7.4
      vertex -47.4029 -32.1885 -7.7
      vertex -47.2904 -32.1543 -7.7
    endloop
  endfacet
  facet normal -0.856747 0.260008 -0.445399
    outer loop
      vertex -48.1085 -31.4829 -7.7
      vertex -48.2556 -31.4537 -7.4
      vertex -48.2129 -31.313 -7.4
    endloop
  endfacet
  facet normal -0.0876974 -0.890981 -0.445491
    outer loop
      vertex -47.52 -32.35 -7.4
      vertex -47.6663 -32.3356 -7.4
      vertex -47.52 -32.2 -7.7
    endloop
  endfacet
  facet normal 0.692341 -0.567568 -0.445567
    outer loop
      vertex -46.8964 -32.0167 -7.4
      vertex -47.0957 -32.0243 -7.7
      vertex -47.0211 -31.9333 -7.7
    endloop
  endfacet
  facet normal 0.856632 -0.260416 -0.445382
    outer loop
      vertex -46.7844 -31.7463 -7.4
      vertex -46.9657 -31.8296 -7.7
      vertex -46.9315 -31.7171 -7.7
    endloop
  endfacet
  facet normal -0.891035 0.0875055 -0.445421
    outer loop
      vertex -48.12 -31.6 -7.7
      vertex -48.2556 -31.4537 -7.4
      vertex -48.1085 -31.4829 -7.7
    endloop
  endfacet
  facet normal 0.260008 0.856747 -0.445399
    outer loop
      vertex -47.233 -30.9071 -7.4
      vertex -47.4029 -31.0115 -7.7
      vertex -47.3737 -30.8644 -7.4
    endloop
  endfacet
  facet normal -0.421907 -0.789629 -0.445512
    outer loop
      vertex -47.807 -32.2929 -7.4
      vertex -47.9367 -32.2236 -7.4
      vertex -47.8533 -32.0989 -7.7
    endloop
  endfacet
  facet normal -0.260008 0.856747 -0.445399
    outer loop
      vertex -47.6371 -31.0115 -7.7
      vertex -47.807 -30.9071 -7.4
      vertex -47.6663 -30.8644 -7.4
    endloop
  endfacet
  facet normal -0.568289 0.691935 -0.445279
    outer loop
      vertex -47.9443 -31.1757 -7.7
      vertex -48.0503 -31.0697 -7.4
      vertex -47.9367 -30.9764 -7.4
    endloop
  endfacet
  facet normal -0.856553 -0.260392 -0.445549
    outer loop
      vertex -48.0743 -31.8296 -7.7
      vertex -48.2129 -31.887 -7.4
      vertex -48.1085 -31.7171 -7.7
    endloop
  endfacet
  facet normal 0.691935 0.568289 -0.445279
    outer loop
      vertex -46.8964 -31.1833 -7.4
      vertex -47.0957 -31.1757 -7.7
      vertex -46.9897 -31.0697 -7.4
    endloop
  endfacet
  facet normal 0.692341 0.567568 -0.445567
    outer loop
      vertex -47.0211 -31.2667 -7.7
      vertex -47.0957 -31.1757 -7.7
      vertex -46.8964 -31.1833 -7.4
    endloop
  endfacet
  facet normal -0.567568 -0.692341 -0.445567
    outer loop
      vertex -47.9367 -32.2236 -7.4
      vertex -47.9443 -32.0243 -7.7
      vertex -47.8533 -32.0989 -7.7
    endloop
  endfacet
  facet normal -0.568289 -0.691935 -0.445279
    outer loop
      vertex -47.9367 -32.2236 -7.4
      vertex -48.0503 -32.1303 -7.4
      vertex -47.9443 -32.0243 -7.7
    endloop
  endfacet
  facet normal -0.691935 -0.568289 -0.445279
    outer loop
      vertex -48.0503 -32.1303 -7.4
      vertex -48.1436 -32.0167 -7.4
      vertex -47.9443 -32.0243 -7.7
    endloop
  endfacet
  facet normal 0.421907 0.789629 -0.445512
    outer loop
      vertex -47.1867 -31.1011 -7.7
      vertex -47.233 -30.9071 -7.4
      vertex -47.1033 -30.9764 -7.4
    endloop
  endfacet
  facet normal -0.789629 0.421907 -0.445512
    outer loop
      vertex -48.0189 -31.2667 -7.7
      vertex -48.2129 -31.313 -7.4
      vertex -48.1436 -31.1833 -7.4
    endloop
  endfacet
  facet normal 0 0 -1
    outer loop
      vertex -46.9315 -31.7171 -7.7
      vertex -46.9315 -31.4829 -7.7
      vertex -46.92 -31.6 -7.7
    endloop
  endfacet
  facet normal 0 0 -1
    outer loop
      vertex -46.9657 -31.8296 -7.7
      vertex -46.9315 -31.4829 -7.7
      vertex -46.9315 -31.7171 -7.7
    endloop
  endfacet
  facet normal 0 0 -1
    outer loop
      vertex -46.9657 -31.8296 -7.7
      vertex -46.9657 -31.3704 -7.7
      vertex -46.9315 -31.4829 -7.7
    endloop
  endfacet
  facet normal 0 0 -1
    outer loop
      vertex -47.0211 -31.9333 -7.7
      vertex -46.9657 -31.3704 -7.7
      vertex -46.9657 -31.8296 -7.7
    endloop
  endfacet
  facet normal 0 0 -1
    outer loop
      vertex -47.0211 -31.9333 -7.7
      vertex -47.0211 -31.2667 -7.7
      vertex -46.9657 -31.3704 -7.7
    endloop
  endfacet
  facet normal 0 0 -1
    outer loop
      vertex -47.0957 -32.0243 -7.7
      vertex -47.0211 -31.2667 -7.7
      vertex -47.0211 -31.9333 -7.7
    endloop
  endfacet
  facet normal 0 0 -1
    outer loop
      vertex -47.0957 -32.0243 -7.7
      vertex -47.0957 -31.1757 -7.7
      vertex -47.0211 -31.2667 -7.7
    endloop
  endfacet
  facet normal 0 0 -1
    outer loop
      vertex -47.1867 -32.0989 -7.7
      vertex -47.0957 -31.1757 -7.7
      vertex -47.0957 -32.0243 -7.7
    endloop
  endfacet
  facet normal 0 0 -1
    outer loop
      vertex -47.1867 -32.0989 -7.7
      vertex -47.1867 -31.1011 -7.7
      vertex -47.0957 -31.1757 -7.7
    endloop
  endfacet
  facet normal 0 0 -1
    outer loop
      vertex -47.2904 -32.1543 -7.7
      vertex -47.1867 -31.1011 -7.7
      vertex -47.1867 -32.0989 -7.7
    endloop
  endfacet
  facet normal 0 0 -1
    outer loop
      vertex -47.2904 -32.1543 -7.7
      vertex -47.2904 -31.0457 -7.7
      vertex -47.1867 -31.1011 -7.7
    endloop
  endfacet
  facet normal 0 0 -1
    outer loop
      vertex -47.4029 -32.1885 -7.7
      vertex -47.2904 -31.0457 -7.7
      vertex -47.2904 -32.1543 -7.7
    endloop
  endfacet
  facet normal 0 0 -1
    outer loop
      vertex -47.4029 -32.1885 -7.7
      vertex -47.4029 -31.0115 -7.7
      vertex -47.2904 -31.0457 -7.7
    endloop
  endfacet
  facet normal 0 0 -1
    outer loop
      vertex -47.52 -32.2 -7.7
      vertex -47.4029 -31.0115 -7.7
      vertex -47.4029 -32.1885 -7.7
    endloop
  endfacet
  facet normal 0 0 -1
    outer loop
      vertex -47.52 -32.2 -7.7
      vertex -47.52 -31 -7.7
      vertex -47.4029 -31.0115 -7.7
    endloop
  endfacet
  facet normal 0 0 -1
    outer loop
      vertex -47.6371 -32.1885 -7.7
      vertex -47.52 -31 -7.7
      vertex -47.52 -32.2 -7.7
    endloop
  endfacet
  facet normal 0 0 -1
    outer loop
      vertex -47.6371 -32.1885 -7.7
      vertex -47.6371 -31.0115 -7.7
      vertex -47.52 -31 -7.7
    endloop
  endfacet
  facet normal 0 0 -1
    outer loop
      vertex -47.7496 -32.1543 -7.7
      vertex -47.6371 -31.0115 -7.7
      vertex -47.6371 -32.1885 -7.7
    endloop
  endfacet
  facet normal 0 0 -1
    outer loop
      vertex -47.7496 -32.1543 -7.7
      vertex -47.7496 -31.0457 -7.7
      vertex -47.6371 -31.0115 -7.7
    endloop
  endfacet
  facet normal 0 0 -1
    outer loop
      vertex -47.8533 -32.0989 -7.7
      vertex -47.7496 -31.0457 -7.7
      vertex -47.7496 -32.1543 -7.7
    endloop
  endfacet
  facet normal 0 0 -1
    outer loop
      vertex -47.8533 -32.0989 -7.7
      vertex -47.8533 -31.1011 -7.7
      vertex -47.7496 -31.0457 -7.7
    endloop
  endfacet
  facet normal 0 0 -1
    outer loop
      vertex -47.9443 -32.0243 -7.7
      vertex -47.8533 -31.1011 -7.7
      vertex -47.8533 -32.0989 -7.7
    endloop
  endfacet
  facet normal 0 0 -1
    outer loop
      vertex -47.9443 -32.0243 -7.7
      vertex -47.9443 -31.1757 -7.7
      vertex -47.8533 -31.1011 -7.7
    endloop
  endfacet
  facet normal 0 0 -1
    outer loop
      vertex -48.0189 -31.9333 -7.7
      vertex -47.9443 -31.1757 -7.7
      vertex -47.9443 -32.0243 -7.7
    endloop
  endfacet
  facet normal 0 0 -1
    outer loop
      vertex -48.0189 -31.9333 -7.7
      vertex -48.0189 -31.2667 -7.7
      vertex -47.9443 -31.1757 -7.7
    endloop
  endfacet
  facet normal 0 0 -1
    outer loop
      vertex -48.0743 -31.8296 -7.7
      vertex -48.0189 -31.2667 -7.7
      vertex -48.0189 -31.9333 -7.7
    endloop
  endfacet
  facet normal 0 0 -1
    outer loop
      vertex -48.0743 -31.8296 -7.7
      vertex -48.0743 -31.3704 -7.7
      vertex -48.0189 -31.2667 -7.7
    endloop
  endfacet
  facet normal 0 0 -1
    outer loop
      vertex -48.1085 -31.7171 -7.7
      vertex -48.0743 -31.3704 -7.7
      vertex -48.0743 -31.8296 -7.7
    endloop
  endfacet
  facet normal 0 0 -1
    outer loop
      vertex -48.1085 -31.7171 -7.7
      vertex -48.1085 -31.4829 -7.7
      vertex -48.0743 -31.3704 -7.7
    endloop
  endfacet
  facet normal 0 -0 -1
    outer loop
      vertex -48.1085 -31.4829 -7.7
      vertex -48.1085 -31.7171 -7.7
      vertex -48.12 -31.6 -7.7
    endloop
  endfacet
  facet normal -0.692341 0.567568 -0.445567
    outer loop
      vertex -48.0189 -31.2667 -7.7
      vertex -48.1436 -31.1833 -7.4
      vertex -47.9443 -31.1757 -7.7
    endloop
  endfacet
  facet normal -0.891035 -0.0875055 -0.445421
    outer loop
      vertex -48.1085 -31.7171 -7.7
      vertex -48.2556 -31.7463 -7.4
      vertex -48.12 -31.6 -7.7
    endloop
  endfacet
  facet normal -0.421907 0.789629 -0.445512
    outer loop
      vertex -47.8533 -31.1011 -7.7
      vertex -47.9367 -30.9764 -7.4
      vertex -47.807 -30.9071 -7.4
    endloop
  endfacet
  facet normal 0.567568 0.692341 -0.445567
    outer loop
      vertex -47.0957 -31.1757 -7.7
      vertex -47.1867 -31.1011 -7.7
      vertex -47.1033 -30.9764 -7.4
    endloop
  endfacet
  facet normal 0.0877004 0.891012 -0.445429
    outer loop
      vertex -47.4029 -31.0115 -7.7
      vertex -47.52 -30.85 -7.4
      vertex -47.3737 -30.8644 -7.4
    endloop
  endfacet
  facet normal -0.0875018 0.890996 -0.445498
    outer loop
      vertex -47.52 -31 -7.7
      vertex -47.6371 -31.0115 -7.7
      vertex -47.52 -30.85 -7.4
    endloop
  endfacet
  facet normal -0.856553 0.260392 -0.445549
    outer loop
      vertex -48.1085 -31.4829 -7.7
      vertex -48.2129 -31.313 -7.4
      vertex -48.0743 -31.3704 -7.7
    endloop
  endfacet
  facet normal -0.890981 0.0876974 -0.445491
    outer loop
      vertex -48.12 -31.6 -7.7
      vertex -48.27 -31.6 -7.4
      vertex -48.2556 -31.4537 -7.4
    endloop
  endfacet
  facet normal 0.789629 0.421907 -0.445512
    outer loop
      vertex -46.8271 -31.313 -7.4
      vertex -47.0211 -31.2667 -7.7
      vertex -46.8964 -31.1833 -7.4
    endloop
  endfacet
  facet normal -0.260392 -0.856553 -0.445549
    outer loop
      vertex -47.6371 -32.1885 -7.7
      vertex -47.807 -32.2929 -7.4
      vertex -47.7496 -32.1543 -7.7
    endloop
  endfacet
  facet normal -0.0877004 0.891012 -0.445429
    outer loop
      vertex -47.6371 -31.0115 -7.7
      vertex -47.6663 -30.8644 -7.4
      vertex -47.52 -30.85 -7.4
    endloop
  endfacet
  facet normal -0.421855 0.789646 -0.445531
    outer loop
      vertex -47.7496 -31.0457 -7.7
      vertex -47.8533 -31.1011 -7.7
      vertex -47.807 -30.9071 -7.4
    endloop
  endfacet
  facet normal -0.789646 0.421855 -0.445531
    outer loop
      vertex -48.0743 -31.3704 -7.7
      vertex -48.2129 -31.313 -7.4
      vertex -48.0189 -31.2667 -7.7
    endloop
  endfacet
  facet normal 0.789646 0.421855 -0.445531
    outer loop
      vertex -46.9657 -31.3704 -7.7
      vertex -47.0211 -31.2667 -7.7
      vertex -46.8271 -31.313 -7.4
    endloop
  endfacet
  facet normal -0.260392 0.856553 -0.445549
    outer loop
      vertex -47.7496 -31.0457 -7.7
      vertex -47.807 -30.9071 -7.4
      vertex -47.6371 -31.0115 -7.7
    endloop
  endfacet
  facet normal 0.856684 0.259989 -0.445532
    outer loop
      vertex -46.7844 -31.4537 -7.4
      vertex -46.9657 -31.3704 -7.7
      vertex -46.8271 -31.313 -7.4
    endloop
  endfacet
  facet normal 0.856632 0.260416 -0.445382
    outer loop
      vertex -46.9315 -31.4829 -7.7
      vertex -46.9657 -31.3704 -7.7
      vertex -46.7844 -31.4537 -7.4
    endloop
  endfacet
  facet normal 0.290404 -0.956904 0
    outer loop
      vertex -47.3737 -32.3356 -7.4
      vertex -47.233 -32.2929 -5.7
      vertex -47.3737 -32.3356 -5.7
    endloop
  endfacet
  facet normal 0.290404 -0.956904 0
    outer loop
      vertex -47.233 -32.2929 -5.7
      vertex -47.3737 -32.3356 -7.4
      vertex -47.233 -32.2929 -7.4
    endloop
  endfacet
  facet normal 0.956904 0.290404 0
    outer loop
      vertex -46.7844 -31.4537 -5.7
      vertex -46.8271 -31.313 -7.4
      vertex -46.8271 -31.313 -5.7
    endloop
  endfacet
  facet normal 0.956904 0.290404 0
    outer loop
      vertex -46.8271 -31.313 -7.4
      vertex -46.7844 -31.4537 -5.7
      vertex -46.7844 -31.4537 -7.4
    endloop
  endfacet
  facet normal 0.995191 0.0979545 0
    outer loop
      vertex -46.77 -31.6 -5.7
      vertex -46.7844 -31.4537 -7.4
      vertex -46.7844 -31.4537 -5.7
    endloop
  endfacet
  facet normal 0.995191 0.0979545 0
    outer loop
      vertex -46.7844 -31.4537 -7.4
      vertex -46.77 -31.6 -5.7
      vertex -46.77 -31.6 -7.4
    endloop
  endfacet
  facet normal 0.881995 0.471259 0
    outer loop
      vertex -46.8271 -31.313 -5.7
      vertex -46.8964 -31.1833 -7.4
      vertex -46.8964 -31.1833 -5.7
    endloop
  endfacet
  facet normal 0.881995 0.471259 0
    outer loop
      vertex -46.8964 -31.1833 -7.4
      vertex -46.8271 -31.313 -5.7
      vertex -46.8271 -31.313 -7.4
    endloop
  endfacet
  facet normal -0.881995 -0.471259 0
    outer loop
      vertex -48.1436 -32.0167 -7.4
      vertex -48.2129 -31.887 -5.7
      vertex -48.2129 -31.887 -7.4
    endloop
  endfacet
  facet normal -0.881995 -0.471259 0
    outer loop
      vertex -48.2129 -31.887 -5.7
      vertex -48.1436 -32.0167 -7.4
      vertex -48.1436 -32.0167 -5.7
    endloop
  endfacet
  facet normal 0.290404 0.956904 -0
    outer loop
      vertex -47.233 -30.9071 -7.4
      vertex -47.3737 -30.8644 -5.7
      vertex -47.233 -30.9071 -5.7
    endloop
  endfacet
  facet normal 0.290404 0.956904 0
    outer loop
      vertex -47.3737 -30.8644 -5.7
      vertex -47.233 -30.9071 -7.4
      vertex -47.3737 -30.8644 -7.4
    endloop
  endfacet
  facet normal -0.0979545 0.995191 0
    outer loop
      vertex -47.52 -30.85 -7.4
      vertex -47.6663 -30.8644 -5.7
      vertex -47.52 -30.85 -5.7
    endloop
  endfacet
  facet normal -0.0979545 0.995191 0
    outer loop
      vertex -47.6663 -30.8644 -5.7
      vertex -47.52 -30.85 -7.4
      vertex -47.6663 -30.8644 -7.4
    endloop
  endfacet
  facet normal -0.471259 -0.881995 0
    outer loop
      vertex -47.9367 -32.2236 -7.4
      vertex -47.807 -32.2929 -5.7
      vertex -47.9367 -32.2236 -5.7
    endloop
  endfacet
  facet normal -0.471259 -0.881995 -0
    outer loop
      vertex -47.807 -32.2929 -5.7
      vertex -47.9367 -32.2236 -7.4
      vertex -47.807 -32.2929 -7.4
    endloop
  endfacet
  facet normal -0.471259 0.881995 0
    outer loop
      vertex -47.807 -30.9071 -7.4
      vertex -47.9367 -30.9764 -5.7
      vertex -47.807 -30.9071 -5.7
    endloop
  endfacet
  facet normal -0.471259 0.881995 0
    outer loop
      vertex -47.9367 -30.9764 -5.7
      vertex -47.807 -30.9071 -7.4
      vertex -47.9367 -30.9764 -7.4
    endloop
  endfacet
  facet normal 0.471259 -0.881995 0
    outer loop
      vertex -47.233 -32.2929 -7.4
      vertex -47.1033 -32.2236 -5.7
      vertex -47.233 -32.2929 -5.7
    endloop
  endfacet
  facet normal 0.471259 -0.881995 0
    outer loop
      vertex -47.1033 -32.2236 -5.7
      vertex -47.233 -32.2929 -7.4
      vertex -47.1033 -32.2236 -7.4
    endloop
  endfacet
  facet normal -0.772774 0.634681 0
    outer loop
      vertex -48.1436 -31.1833 -7.4
      vertex -48.0503 -31.0697 -5.7
      vertex -48.0503 -31.0697 -7.4
    endloop
  endfacet
  facet normal -0.772774 0.634681 0
    outer loop
      vertex -48.0503 -31.0697 -5.7
      vertex -48.1436 -31.1833 -7.4
      vertex -48.1436 -31.1833 -5.7
    endloop
  endfacet
  facet normal 0.772774 0.634681 0
    outer loop
      vertex -46.8964 -31.1833 -5.7
      vertex -46.9897 -31.0697 -7.4
      vertex -46.9897 -31.0697 -5.7
    endloop
  endfacet
  facet normal 0.772774 0.634681 0
    outer loop
      vertex -46.9897 -31.0697 -7.4
      vertex -46.8964 -31.1833 -5.7
      vertex -46.8964 -31.1833 -7.4
    endloop
  endfacet
  facet normal 0.772774 -0.634681 0
    outer loop
      vertex -46.9897 -32.1303 -5.7
      vertex -46.8964 -32.0167 -7.4
      vertex -46.8964 -32.0167 -5.7
    endloop
  endfacet
  facet normal 0.772774 -0.634681 0
    outer loop
      vertex -46.8964 -32.0167 -7.4
      vertex -46.9897 -32.1303 -5.7
      vertex -46.9897 -32.1303 -7.4
    endloop
  endfacet
  facet normal -0.290404 0.956904 0
    outer loop
      vertex -47.6663 -30.8644 -7.4
      vertex -47.807 -30.9071 -5.7
      vertex -47.6663 -30.8644 -5.7
    endloop
  endfacet
  facet normal -0.290404 0.956904 0
    outer loop
      vertex -47.807 -30.9071 -5.7
      vertex -47.6663 -30.8644 -7.4
      vertex -47.807 -30.9071 -7.4
    endloop
  endfacet
  facet normal 0.634681 -0.772774 0
    outer loop
      vertex -47.1033 -32.2236 -7.4
      vertex -46.9897 -32.1303 -5.7
      vertex -47.1033 -32.2236 -5.7
    endloop
  endfacet
  facet normal 0.634681 -0.772774 0
    outer loop
      vertex -46.9897 -32.1303 -5.7
      vertex -47.1033 -32.2236 -7.4
      vertex -46.9897 -32.1303 -7.4
    endloop
  endfacet
  facet normal 0.995191 -0.0979545 0
    outer loop
      vertex -46.7844 -31.7463 -5.7
      vertex -46.77 -31.6 -7.4
      vertex -46.77 -31.6 -5.7
    endloop
  endfacet
  facet normal 0.995191 -0.0979545 0
    outer loop
      vertex -46.77 -31.6 -7.4
      vertex -46.7844 -31.7463 -5.7
      vertex -46.7844 -31.7463 -7.4
    endloop
  endfacet
  facet normal -0.290404 -0.956904 0
    outer loop
      vertex -47.807 -32.2929 -7.4
      vertex -47.6663 -32.3356 -5.7
      vertex -47.807 -32.2929 -5.7
    endloop
  endfacet
  facet normal -0.290404 -0.956904 -0
    outer loop
      vertex -47.6663 -32.3356 -5.7
      vertex -47.807 -32.2929 -7.4
      vertex -47.6663 -32.3356 -7.4
    endloop
  endfacet
  facet normal 0.956904 -0.290404 0
    outer loop
      vertex -46.8271 -31.887 -5.7
      vertex -46.7844 -31.7463 -7.4
      vertex -46.7844 -31.7463 -5.7
    endloop
  endfacet
  facet normal 0.956904 -0.290404 0
    outer loop
      vertex -46.7844 -31.7463 -7.4
      vertex -46.8271 -31.887 -5.7
      vertex -46.8271 -31.887 -7.4
    endloop
  endfacet
  facet normal -0.956904 -0.290404 0
    outer loop
      vertex -48.2129 -31.887 -7.4
      vertex -48.2556 -31.7463 -5.7
      vertex -48.2556 -31.7463 -7.4
    endloop
  endfacet
  facet normal -0.956904 -0.290404 0
    outer loop
      vertex -48.2556 -31.7463 -5.7
      vertex -48.2129 -31.887 -7.4
      vertex -48.2129 -31.887 -5.7
    endloop
  endfacet
  facet normal 0.881995 -0.471259 0
    outer loop
      vertex -46.8964 -32.0167 -5.7
      vertex -46.8271 -31.887 -7.4
      vertex -46.8271 -31.887 -5.7
    endloop
  endfacet
  facet normal 0.881995 -0.471259 0
    outer loop
      vertex -46.8271 -31.887 -7.4
      vertex -46.8964 -32.0167 -5.7
      vertex -46.8964 -32.0167 -7.4
    endloop
  endfacet
  facet normal -0.995191 0.0979545 0
    outer loop
      vertex -48.27 -31.6 -7.4
      vertex -48.2556 -31.4537 -5.7
      vertex -48.2556 -31.4537 -7.4
    endloop
  endfacet
  facet normal -0.995191 0.0979545 0
    outer loop
      vertex -48.2556 -31.4537 -5.7
      vertex -48.27 -31.6 -7.4
      vertex -48.27 -31.6 -5.7
    endloop
  endfacet
  facet normal 0.0979545 0.995191 -0
    outer loop
      vertex -47.3737 -30.8644 -7.4
      vertex -47.52 -30.85 -5.7
      vertex -47.3737 -30.8644 -5.7
    endloop
  endfacet
  facet normal 0.0979545 0.995191 0
    outer loop
      vertex -47.52 -30.85 -5.7
      vertex -47.3737 -30.8644 -7.4
      vertex -47.52 -30.85 -7.4
    endloop
  endfacet
  facet normal -0.634681 0.772774 0
    outer loop
      vertex -47.9367 -30.9764 -7.4
      vertex -48.0503 -31.0697 -5.7
      vertex -47.9367 -30.9764 -5.7
    endloop
  endfacet
  facet normal -0.634681 0.772774 0
    outer loop
      vertex -48.0503 -31.0697 -5.7
      vertex -47.9367 -30.9764 -7.4
      vertex -48.0503 -31.0697 -7.4
    endloop
  endfacet
  facet normal 0.634681 0.772774 -0
    outer loop
      vertex -46.9897 -31.0697 -7.4
      vertex -47.1033 -30.9764 -5.7
      vertex -46.9897 -31.0697 -5.7
    endloop
  endfacet
  facet normal 0.634681 0.772774 0
    outer loop
      vertex -47.1033 -30.9764 -5.7
      vertex -46.9897 -31.0697 -7.4
      vertex -47.1033 -30.9764 -7.4
    endloop
  endfacet
  facet normal 0.0979545 -0.995191 0
    outer loop
      vertex -47.52 -32.35 -7.4
      vertex -47.3737 -32.3356 -5.7
      vertex -47.52 -32.35 -5.7
    endloop
  endfacet
  facet normal 0.0979545 -0.995191 0
    outer loop
      vertex -47.3737 -32.3356 -5.7
      vertex -47.52 -32.35 -7.4
      vertex -47.3737 -32.3356 -7.4
    endloop
  endfacet
  facet normal 0.471259 0.881995 -0
    outer loop
      vertex -47.1033 -30.9764 -7.4
      vertex -47.233 -30.9071 -5.7
      vertex -47.1033 -30.9764 -5.7
    endloop
  endfacet
  facet normal 0.471259 0.881995 0
    outer loop
      vertex -47.233 -30.9071 -5.7
      vertex -47.1033 -30.9764 -7.4
      vertex -47.233 -30.9071 -7.4
    endloop
  endfacet
  facet normal -0.772774 -0.634681 0
    outer loop
      vertex -48.0503 -32.1303 -7.4
      vertex -48.1436 -32.0167 -5.7
      vertex -48.1436 -32.0167 -7.4
    endloop
  endfacet
  facet normal -0.772774 -0.634681 0
    outer loop
      vertex -48.1436 -32.0167 -5.7
      vertex -48.0503 -32.1303 -7.4
      vertex -48.0503 -32.1303 -5.7
    endloop
  endfacet
  facet normal -0.0979545 -0.995191 0
    outer loop
      vertex -47.6663 -32.3356 -7.4
      vertex -47.52 -32.35 -5.7
      vertex -47.6663 -32.3356 -5.7
    endloop
  endfacet
  facet normal -0.0979545 -0.995191 -0
    outer loop
      vertex -47.52 -32.35 -5.7
      vertex -47.6663 -32.3356 -7.4
      vertex -47.52 -32.35 -7.4
    endloop
  endfacet
  facet normal -0.634681 -0.772774 0
    outer loop
      vertex -48.0503 -32.1303 -7.4
      vertex -47.9367 -32.2236 -5.7
      vertex -48.0503 -32.1303 -5.7
    endloop
  endfacet
  facet normal -0.634681 -0.772774 -0
    outer loop
      vertex -47.9367 -32.2236 -5.7
      vertex -48.0503 -32.1303 -7.4
      vertex -47.9367 -32.2236 -7.4
    endloop
  endfacet
  facet normal -0.956904 0.290404 0
    outer loop
      vertex -48.2556 -31.4537 -7.4
      vertex -48.2129 -31.313 -5.7
      vertex -48.2129 -31.313 -7.4
    endloop
  endfacet
  facet normal -0.956904 0.290404 0
    outer loop
      vertex -48.2129 -31.313 -5.7
      vertex -48.2556 -31.4537 -7.4
      vertex -48.2556 -31.4537 -5.7
    endloop
  endfacet
  facet normal -0.881995 0.471259 0
    outer loop
      vertex -48.2129 -31.313 -7.4
      vertex -48.1436 -31.1833 -5.7
      vertex -48.1436 -31.1833 -7.4
    endloop
  endfacet
  facet normal -0.881995 0.471259 0
    outer loop
      vertex -48.1436 -31.1833 -5.7
      vertex -48.2129 -31.313 -7.4
      vertex -48.2129 -31.313 -5.7
    endloop
  endfacet
  facet normal -0.995191 -0.0979545 0
    outer loop
      vertex -48.2556 -31.7463 -7.4
      vertex -48.27 -31.6 -5.7
      vertex -48.27 -31.6 -7.4
    endloop
  endfacet
  facet normal -0.995191 -0.0979545 0
    outer loop
      vertex -48.27 -31.6 -5.7
      vertex -48.2556 -31.7463 -7.4
      vertex -48.2556 -31.7463 -5.7
    endloop
  endfacet
  facet normal 0.0875018 0.890996 -0.445498
    outer loop
      vertex 47.6371 -31.0115 -7.7
      vertex 47.52 -31 -7.7
      vertex 47.52 -30.85 -7.4
    endloop
  endfacet
  facet normal 0.421855 0.789646 -0.445531
    outer loop
      vertex 47.8533 -31.1011 -7.7
      vertex 47.7496 -31.0457 -7.7
      vertex 47.807 -30.9071 -7.4
    endloop
  endfacet
  facet normal 0.890981 0.0876974 -0.445491
    outer loop
      vertex 48.27 -31.6 -7.4
      vertex 48.12 -31.6 -7.7
      vertex 48.2556 -31.4537 -7.4
    endloop
  endfacet
  facet normal 0.891035 0.0875055 -0.445421
    outer loop
      vertex 48.12 -31.6 -7.7
      vertex 48.1085 -31.4829 -7.7
      vertex 48.2556 -31.4537 -7.4
    endloop
  endfacet
  facet normal 0.0875055 -0.891035 -0.445421
    outer loop
      vertex 47.6663 -32.3356 -7.4
      vertex 47.52 -32.2 -7.7
      vertex 47.6371 -32.1885 -7.7
    endloop
  endfacet
  facet normal 0.789629 -0.421907 -0.445512
    outer loop
      vertex 48.1436 -32.0167 -7.4
      vertex 48.0189 -31.9333 -7.7
      vertex 48.2129 -31.887 -7.4
    endloop
  endfacet
  facet normal 0.260008 -0.856747 -0.445399
    outer loop
      vertex 47.6663 -32.3356 -7.4
      vertex 47.6371 -32.1885 -7.7
      vertex 47.807 -32.2929 -7.4
    endloop
  endfacet
  facet normal -0.692341 -0.567568 -0.445567
    outer loop
      vertex 47.0957 -32.0243 -7.7
      vertex 46.8964 -32.0167 -7.4
      vertex 47.0211 -31.9333 -7.7
    endloop
  endfacet
  facet normal -0.691935 0.568289 -0.445279
    outer loop
      vertex 47.0957 -31.1757 -7.7
      vertex 46.8964 -31.1833 -7.4
      vertex 46.9897 -31.0697 -7.4
    endloop
  endfacet
  facet normal -0.789629 -0.421907 -0.445512
    outer loop
      vertex 46.8964 -32.0167 -7.4
      vertex 46.8271 -31.887 -7.4
      vertex 47.0211 -31.9333 -7.7
    endloop
  endfacet
  facet normal 0.0876974 -0.890981 -0.445491
    outer loop
      vertex 47.6663 -32.3356 -7.4
      vertex 47.52 -32.35 -7.4
      vertex 47.52 -32.2 -7.7
    endloop
  endfacet
  facet normal 0.891035 -0.0875055 -0.445421
    outer loop
      vertex 48.2556 -31.7463 -7.4
      vertex 48.1085 -31.7171 -7.7
      vertex 48.12 -31.6 -7.7
    endloop
  endfacet
  facet normal 0.890981 -0.0876974 -0.445491
    outer loop
      vertex 48.2556 -31.7463 -7.4
      vertex 48.12 -31.6 -7.7
      vertex 48.27 -31.6 -7.4
    endloop
  endfacet
  facet normal -0.856747 -0.260008 -0.445399
    outer loop
      vertex 46.8271 -31.887 -7.4
      vertex 46.7844 -31.7463 -7.4
      vertex 46.9315 -31.7171 -7.7
    endloop
  endfacet
  facet normal 0.856684 -0.259989 -0.445532
    outer loop
      vertex 48.2129 -31.887 -7.4
      vertex 48.0743 -31.8296 -7.7
      vertex 48.2556 -31.7463 -7.4
    endloop
  endfacet
  facet normal 0.568289 0.691935 -0.445279
    outer loop
      vertex 47.9443 -31.1757 -7.7
      vertex 47.9367 -30.9764 -7.4
      vertex 48.0503 -31.0697 -7.4
    endloop
  endfacet
  facet normal -0.260008 -0.856747 -0.445399
    outer loop
      vertex 47.3737 -32.3356 -7.4
      vertex 47.233 -32.2929 -7.4
      vertex 47.4029 -32.1885 -7.7
    endloop
  endfacet
  facet normal -0.567568 0.692341 -0.445567
    outer loop
      vertex 47.1867 -31.1011 -7.7
      vertex 47.0957 -31.1757 -7.7
      vertex 47.1033 -30.9764 -7.4
    endloop
  endfacet
  facet normal 0.568289 -0.691935 -0.445279
    outer loop
      vertex 48.0503 -32.1303 -7.4
      vertex 47.9367 -32.2236 -7.4
      vertex 47.9443 -32.0243 -7.7
    endloop
  endfacet
  facet normal 0.567568 -0.692341 -0.445567
    outer loop
      vertex 47.9367 -32.2236 -7.4
      vertex 47.8533 -32.0989 -7.7
      vertex 47.9443 -32.0243 -7.7
    endloop
  endfacet
  facet normal 0.421907 -0.789629 -0.445512
    outer loop
      vertex 47.9367 -32.2236 -7.4
      vertex 47.807 -32.2929 -7.4
      vertex 47.8533 -32.0989 -7.7
    endloop
  endfacet
  facet normal 0.260392 0.856553 -0.445549
    outer loop
      vertex 47.7496 -31.0457 -7.7
      vertex 47.6371 -31.0115 -7.7
      vertex 47.807 -30.9071 -7.4
    endloop
  endfacet
  facet normal 0.691935 -0.568289 -0.445279
    outer loop
      vertex 48.0503 -32.1303 -7.4
      vertex 47.9443 -32.0243 -7.7
      vertex 48.1436 -32.0167 -7.4
    endloop
  endfacet
  facet normal 0.789646 -0.421855 -0.445531
    outer loop
      vertex 48.2129 -31.887 -7.4
      vertex 48.0189 -31.9333 -7.7
      vertex 48.0743 -31.8296 -7.7
    endloop
  endfacet
  facet normal -0.0875055 -0.891035 -0.445421
    outer loop
      vertex 47.52 -32.2 -7.7
      vertex 47.3737 -32.3356 -7.4
      vertex 47.4029 -32.1885 -7.7
    endloop
  endfacet
  facet normal -0.890981 -0.0876974 -0.445491
    outer loop
      vertex 46.7844 -31.7463 -7.4
      vertex 46.77 -31.6 -7.4
      vertex 46.92 -31.6 -7.7
    endloop
  endfacet
  facet normal 0.421855 -0.789646 -0.445531
    outer loop
      vertex 47.807 -32.2929 -7.4
      vertex 47.7496 -32.1543 -7.7
      vertex 47.8533 -32.0989 -7.7
    endloop
  endfacet
  facet normal -0.789646 -0.421855 -0.445531
    outer loop
      vertex 47.0211 -31.9333 -7.7
      vertex 46.8271 -31.887 -7.4
      vertex 46.9657 -31.8296 -7.7
    endloop
  endfacet
  facet normal -0.421855 -0.789646 -0.445531
    outer loop
      vertex 47.233 -32.2929 -7.4
      vertex 47.1867 -32.0989 -7.7
      vertex 47.2904 -32.1543 -7.7
    endloop
  endfacet
  facet normal 0.260392 -0.856553 -0.445549
    outer loop
      vertex 47.807 -32.2929 -7.4
      vertex 47.6371 -32.1885 -7.7
      vertex 47.7496 -32.1543 -7.7
    endloop
  endfacet
  facet normal -0.856747 0.260008 -0.445399
    outer loop
      vertex 46.9315 -31.4829 -7.7
      vertex 46.7844 -31.4537 -7.4
      vertex 46.8271 -31.313 -7.4
    endloop
  endfacet
  facet normal -0.0876974 -0.890981 -0.445491
    outer loop
      vertex 47.52 -32.35 -7.4
      vertex 47.3737 -32.3356 -7.4
      vertex 47.52 -32.2 -7.7
    endloop
  endfacet
  facet normal 0.692341 -0.567568 -0.445567
    outer loop
      vertex 48.1436 -32.0167 -7.4
      vertex 47.9443 -32.0243 -7.7
      vertex 48.0189 -31.9333 -7.7
    endloop
  endfacet
  facet normal 0.856632 -0.260416 -0.445382
    outer loop
      vertex 48.2556 -31.7463 -7.4
      vertex 48.0743 -31.8296 -7.7
      vertex 48.1085 -31.7171 -7.7
    endloop
  endfacet
  facet normal -0.891035 0.0875055 -0.445421
    outer loop
      vertex 46.92 -31.6 -7.7
      vertex 46.7844 -31.4537 -7.4
      vertex 46.9315 -31.4829 -7.7
    endloop
  endfacet
  facet normal 0.260008 0.856747 -0.445399
    outer loop
      vertex 47.807 -30.9071 -7.4
      vertex 47.6371 -31.0115 -7.7
      vertex 47.6663 -30.8644 -7.4
    endloop
  endfacet
  facet normal -0.421907 -0.789629 -0.445512
    outer loop
      vertex 47.233 -32.2929 -7.4
      vertex 47.1033 -32.2236 -7.4
      vertex 47.1867 -32.0989 -7.7
    endloop
  endfacet
  facet normal -0.260008 0.856747 -0.445399
    outer loop
      vertex 47.4029 -31.0115 -7.7
      vertex 47.233 -30.9071 -7.4
      vertex 47.3737 -30.8644 -7.4
    endloop
  endfacet
  facet normal -0.568289 0.691935 -0.445279
    outer loop
      vertex 47.0957 -31.1757 -7.7
      vertex 46.9897 -31.0697 -7.4
      vertex 47.1033 -30.9764 -7.4
    endloop
  endfacet
  facet normal -0.856553 -0.260392 -0.445549
    outer loop
      vertex 46.9657 -31.8296 -7.7
      vertex 46.8271 -31.887 -7.4
      vertex 46.9315 -31.7171 -7.7
    endloop
  endfacet
  facet normal 0.691935 0.568289 -0.445279
    outer loop
      vertex 48.1436 -31.1833 -7.4
      vertex 47.9443 -31.1757 -7.7
      vertex 48.0503 -31.0697 -7.4
    endloop
  endfacet
  facet normal 0.692341 0.567568 -0.445567
    outer loop
      vertex 48.0189 -31.2667 -7.7
      vertex 47.9443 -31.1757 -7.7
      vertex 48.1436 -31.1833 -7.4
    endloop
  endfacet
  facet normal -0.567568 -0.692341 -0.445567
    outer loop
      vertex 47.1033 -32.2236 -7.4
      vertex 47.0957 -32.0243 -7.7
      vertex 47.1867 -32.0989 -7.7
    endloop
  endfacet
  facet normal -0.568289 -0.691935 -0.445279
    outer loop
      vertex 47.1033 -32.2236 -7.4
      vertex 46.9897 -32.1303 -7.4
      vertex 47.0957 -32.0243 -7.7
    endloop
  endfacet
  facet normal -0.691935 -0.568289 -0.445279
    outer loop
      vertex 46.9897 -32.1303 -7.4
      vertex 46.8964 -32.0167 -7.4
      vertex 47.0957 -32.0243 -7.7
    endloop
  endfacet
  facet normal 0.421907 0.789629 -0.445512
    outer loop
      vertex 47.8533 -31.1011 -7.7
      vertex 47.807 -30.9071 -7.4
      vertex 47.9367 -30.9764 -7.4
    endloop
  endfacet
  facet normal -0.789629 0.421907 -0.445512
    outer loop
      vertex 47.0211 -31.2667 -7.7
      vertex 46.8271 -31.313 -7.4
      vertex 46.8964 -31.1833 -7.4
    endloop
  endfacet
  facet normal 0 0 -1
    outer loop
      vertex 48.1085 -31.7171 -7.7
      vertex 48.1085 -31.4829 -7.7
      vertex 48.12 -31.6 -7.7
    endloop
  endfacet
  facet normal 0 0 -1
    outer loop
      vertex 48.0743 -31.8296 -7.7
      vertex 48.1085 -31.4829 -7.7
      vertex 48.1085 -31.7171 -7.7
    endloop
  endfacet
  facet normal 0 0 -1
    outer loop
      vertex 48.0743 -31.8296 -7.7
      vertex 48.0743 -31.3704 -7.7
      vertex 48.1085 -31.4829 -7.7
    endloop
  endfacet
  facet normal 0 0 -1
    outer loop
      vertex 48.0189 -31.9333 -7.7
      vertex 48.0743 -31.3704 -7.7
      vertex 48.0743 -31.8296 -7.7
    endloop
  endfacet
  facet normal 0 0 -1
    outer loop
      vertex 48.0189 -31.9333 -7.7
      vertex 48.0189 -31.2667 -7.7
      vertex 48.0743 -31.3704 -7.7
    endloop
  endfacet
  facet normal 0 0 -1
    outer loop
      vertex 47.9443 -32.0243 -7.7
      vertex 48.0189 -31.2667 -7.7
      vertex 48.0189 -31.9333 -7.7
    endloop
  endfacet
  facet normal 0 0 -1
    outer loop
      vertex 47.9443 -32.0243 -7.7
      vertex 47.9443 -31.1757 -7.7
      vertex 48.0189 -31.2667 -7.7
    endloop
  endfacet
  facet normal 0 0 -1
    outer loop
      vertex 47.8533 -32.0989 -7.7
      vertex 47.9443 -31.1757 -7.7
      vertex 47.9443 -32.0243 -7.7
    endloop
  endfacet
  facet normal 0 0 -1
    outer loop
      vertex 47.8533 -32.0989 -7.7
      vertex 47.8533 -31.1011 -7.7
      vertex 47.9443 -31.1757 -7.7
    endloop
  endfacet
  facet normal 0 0 -1
    outer loop
      vertex 47.7496 -32.1543 -7.7
      vertex 47.8533 -31.1011 -7.7
      vertex 47.8533 -32.0989 -7.7
    endloop
  endfacet
  facet normal 0 0 -1
    outer loop
      vertex 47.7496 -32.1543 -7.7
      vertex 47.7496 -31.0457 -7.7
      vertex 47.8533 -31.1011 -7.7
    endloop
  endfacet
  facet normal 0 0 -1
    outer loop
      vertex 47.6371 -32.1885 -7.7
      vertex 47.7496 -31.0457 -7.7
      vertex 47.7496 -32.1543 -7.7
    endloop
  endfacet
  facet normal 0 0 -1
    outer loop
      vertex 47.6371 -32.1885 -7.7
      vertex 47.6371 -31.0115 -7.7
      vertex 47.7496 -31.0457 -7.7
    endloop
  endfacet
  facet normal 0 0 -1
    outer loop
      vertex 47.52 -32.2 -7.7
      vertex 47.6371 -31.0115 -7.7
      vertex 47.6371 -32.1885 -7.7
    endloop
  endfacet
  facet normal 0 0 -1
    outer loop
      vertex 47.52 -32.2 -7.7
      vertex 47.52 -31 -7.7
      vertex 47.6371 -31.0115 -7.7
    endloop
  endfacet
  facet normal 0 0 -1
    outer loop
      vertex 47.4029 -32.1885 -7.7
      vertex 47.52 -31 -7.7
      vertex 47.52 -32.2 -7.7
    endloop
  endfacet
  facet normal 0 0 -1
    outer loop
      vertex 47.4029 -32.1885 -7.7
      vertex 47.4029 -31.0115 -7.7
      vertex 47.52 -31 -7.7
    endloop
  endfacet
  facet normal 0 0 -1
    outer loop
      vertex 47.2904 -32.1543 -7.7
      vertex 47.4029 -31.0115 -7.7
      vertex 47.4029 -32.1885 -7.7
    endloop
  endfacet
  facet normal 0 0 -1
    outer loop
      vertex 47.2904 -32.1543 -7.7
      vertex 47.2904 -31.0457 -7.7
      vertex 47.4029 -31.0115 -7.7
    endloop
  endfacet
  facet normal 0 0 -1
    outer loop
      vertex 47.1867 -32.0989 -7.7
      vertex 47.2904 -31.0457 -7.7
      vertex 47.2904 -32.1543 -7.7
    endloop
  endfacet
  facet normal 0 0 -1
    outer loop
      vertex 47.1867 -32.0989 -7.7
      vertex 47.1867 -31.1011 -7.7
      vertex 47.2904 -31.0457 -7.7
    endloop
  endfacet
  facet normal 0 0 -1
    outer loop
      vertex 47.0957 -32.0243 -7.7
      vertex 47.1867 -31.1011 -7.7
      vertex 47.1867 -32.0989 -7.7
    endloop
  endfacet
  facet normal 0 0 -1
    outer loop
      vertex 47.0957 -32.0243 -7.7
      vertex 47.0957 -31.1757 -7.7
      vertex 47.1867 -31.1011 -7.7
    endloop
  endfacet
  facet normal 0 0 -1
    outer loop
      vertex 47.0211 -31.9333 -7.7
      vertex 47.0957 -31.1757 -7.7
      vertex 47.0957 -32.0243 -7.7
    endloop
  endfacet
  facet normal 0 0 -1
    outer loop
      vertex 47.0211 -31.9333 -7.7
      vertex 47.0211 -31.2667 -7.7
      vertex 47.0957 -31.1757 -7.7
    endloop
  endfacet
  facet normal 0 0 -1
    outer loop
      vertex 46.9657 -31.8296 -7.7
      vertex 47.0211 -31.2667 -7.7
      vertex 47.0211 -31.9333 -7.7
    endloop
  endfacet
  facet normal 0 0 -1
    outer loop
      vertex 46.9657 -31.8296 -7.7
      vertex 46.9657 -31.3704 -7.7
      vertex 47.0211 -31.2667 -7.7
    endloop
  endfacet
  facet normal 0 0 -1
    outer loop
      vertex 46.9315 -31.7171 -7.7
      vertex 46.9657 -31.3704 -7.7
      vertex 46.9657 -31.8296 -7.7
    endloop
  endfacet
  facet normal 0 0 -1
    outer loop
      vertex 46.9315 -31.7171 -7.7
      vertex 46.9315 -31.4829 -7.7
      vertex 46.9657 -31.3704 -7.7
    endloop
  endfacet
  facet normal 0 -0 -1
    outer loop
      vertex 46.9315 -31.4829 -7.7
      vertex 46.9315 -31.7171 -7.7
      vertex 46.92 -31.6 -7.7
    endloop
  endfacet
  facet normal -0.692341 0.567568 -0.445567
    outer loop
      vertex 47.0211 -31.2667 -7.7
      vertex 46.8964 -31.1833 -7.4
      vertex 47.0957 -31.1757 -7.7
    endloop
  endfacet
  facet normal -0.891035 -0.0875055 -0.445421
    outer loop
      vertex 46.9315 -31.7171 -7.7
      vertex 46.7844 -31.7463 -7.4
      vertex 46.92 -31.6 -7.7
    endloop
  endfacet
  facet normal -0.421907 0.789629 -0.445512
    outer loop
      vertex 47.1867 -31.1011 -7.7
      vertex 47.1033 -30.9764 -7.4
      vertex 47.233 -30.9071 -7.4
    endloop
  endfacet
  facet normal 0.567568 0.692341 -0.445567
    outer loop
      vertex 47.9443 -31.1757 -7.7
      vertex 47.8533 -31.1011 -7.7
      vertex 47.9367 -30.9764 -7.4
    endloop
  endfacet
  facet normal 0.0877004 0.891012 -0.445429
    outer loop
      vertex 47.6371 -31.0115 -7.7
      vertex 47.52 -30.85 -7.4
      vertex 47.6663 -30.8644 -7.4
    endloop
  endfacet
  facet normal -0.0875018 0.890996 -0.445498
    outer loop
      vertex 47.52 -31 -7.7
      vertex 47.4029 -31.0115 -7.7
      vertex 47.52 -30.85 -7.4
    endloop
  endfacet
  facet normal -0.856553 0.260392 -0.445549
    outer loop
      vertex 46.9315 -31.4829 -7.7
      vertex 46.8271 -31.313 -7.4
      vertex 46.9657 -31.3704 -7.7
    endloop
  endfacet
  facet normal -0.890981 0.0876974 -0.445491
    outer loop
      vertex 46.92 -31.6 -7.7
      vertex 46.77 -31.6 -7.4
      vertex 46.7844 -31.4537 -7.4
    endloop
  endfacet
  facet normal 0.789629 0.421907 -0.445512
    outer loop
      vertex 48.2129 -31.313 -7.4
      vertex 48.0189 -31.2667 -7.7
      vertex 48.1436 -31.1833 -7.4
    endloop
  endfacet
  facet normal -0.260392 -0.856553 -0.445549
    outer loop
      vertex 47.4029 -32.1885 -7.7
      vertex 47.233 -32.2929 -7.4
      vertex 47.2904 -32.1543 -7.7
    endloop
  endfacet
  facet normal -0.0877004 0.891012 -0.445429
    outer loop
      vertex 47.4029 -31.0115 -7.7
      vertex 47.3737 -30.8644 -7.4
      vertex 47.52 -30.85 -7.4
    endloop
  endfacet
  facet normal -0.421855 0.789646 -0.445531
    outer loop
      vertex 47.2904 -31.0457 -7.7
      vertex 47.1867 -31.1011 -7.7
      vertex 47.233 -30.9071 -7.4
    endloop
  endfacet
  facet normal -0.789646 0.421855 -0.445531
    outer loop
      vertex 46.9657 -31.3704 -7.7
      vertex 46.8271 -31.313 -7.4
      vertex 47.0211 -31.2667 -7.7
    endloop
  endfacet
  facet normal 0.789646 0.421855 -0.445531
    outer loop
      vertex 48.0743 -31.3704 -7.7
      vertex 48.0189 -31.2667 -7.7
      vertex 48.2129 -31.313 -7.4
    endloop
  endfacet
  facet normal -0.260392 0.856553 -0.445549
    outer loop
      vertex 47.2904 -31.0457 -7.7
      vertex 47.233 -30.9071 -7.4
      vertex 47.4029 -31.0115 -7.7
    endloop
  endfacet
  facet normal 0.856684 0.259989 -0.445532
    outer loop
      vertex 48.2556 -31.4537 -7.4
      vertex 48.0743 -31.3704 -7.7
      vertex 48.2129 -31.313 -7.4
    endloop
  endfacet
  facet normal 0.856632 0.260416 -0.445382
    outer loop
      vertex 48.1085 -31.4829 -7.7
      vertex 48.0743 -31.3704 -7.7
      vertex 48.2556 -31.4537 -7.4
    endloop
  endfacet
  facet normal 0.290404 -0.956904 0
    outer loop
      vertex 47.6663 -32.3356 -7.4
      vertex 47.807 -32.2929 -5.7
      vertex 47.6663 -32.3356 -5.7
    endloop
  endfacet
  facet normal 0.290404 -0.956904 0
    outer loop
      vertex 47.807 -32.2929 -5.7
      vertex 47.6663 -32.3356 -7.4
      vertex 47.807 -32.2929 -7.4
    endloop
  endfacet
  facet normal 0.956904 0.290404 0
    outer loop
      vertex 48.2556 -31.4537 -5.7
      vertex 48.2129 -31.313 -7.4
      vertex 48.2129 -31.313 -5.7
    endloop
  endfacet
  facet normal 0.956904 0.290404 0
    outer loop
      vertex 48.2129 -31.313 -7.4
      vertex 48.2556 -31.4537 -5.7
      vertex 48.2556 -31.4537 -7.4
    endloop
  endfacet
  facet normal 0.995191 0.0979545 0
    outer loop
      vertex 48.27 -31.6 -5.7
      vertex 48.2556 -31.4537 -7.4
      vertex 48.2556 -31.4537 -5.7
    endloop
  endfacet
  facet normal 0.995191 0.0979545 0
    outer loop
      vertex 48.2556 -31.4537 -7.4
      vertex 48.27 -31.6 -5.7
      vertex 48.27 -31.6 -7.4
    endloop
  endfacet
  facet normal 0.881995 0.471259 0
    outer loop
      vertex 48.2129 -31.313 -5.7
      vertex 48.1436 -31.1833 -7.4
      vertex 48.1436 -31.1833 -5.7
    endloop
  endfacet
  facet normal 0.881995 0.471259 0
    outer loop
      vertex 48.1436 -31.1833 -7.4
      vertex 48.2129 -31.313 -5.7
      vertex 48.2129 -31.313 -7.4
    endloop
  endfacet
  facet normal -0.881995 -0.471259 0
    outer loop
      vertex 46.8964 -32.0167 -7.4
      vertex 46.8271 -31.887 -5.7
      vertex 46.8271 -31.887 -7.4
    endloop
  endfacet
  facet normal -0.881995 -0.471259 0
    outer loop
      vertex 46.8271 -31.887 -5.7
      vertex 46.8964 -32.0167 -7.4
      vertex 46.8964 -32.0167 -5.7
    endloop
  endfacet
  facet normal 0.290404 0.956904 -0
    outer loop
      vertex 47.807 -30.9071 -7.4
      vertex 47.6663 -30.8644 -5.7
      vertex 47.807 -30.9071 -5.7
    endloop
  endfacet
  facet normal 0.290404 0.956904 0
    outer loop
      vertex 47.6663 -30.8644 -5.7
      vertex 47.807 -30.9071 -7.4
      vertex 47.6663 -30.8644 -7.4
    endloop
  endfacet
  facet normal -0.0979545 0.995191 0
    outer loop
      vertex 47.52 -30.85 -7.4
      vertex 47.3737 -30.8644 -5.7
      vertex 47.52 -30.85 -5.7
    endloop
  endfacet
  facet normal -0.0979545 0.995191 0
    outer loop
      vertex 47.3737 -30.8644 -5.7
      vertex 47.52 -30.85 -7.4
      vertex 47.3737 -30.8644 -7.4
    endloop
  endfacet
  facet normal -0.471259 -0.881995 0
    outer loop
      vertex 47.1033 -32.2236 -7.4
      vertex 47.233 -32.2929 -5.7
      vertex 47.1033 -32.2236 -5.7
    endloop
  endfacet
  facet normal -0.471259 -0.881995 -0
    outer loop
      vertex 47.233 -32.2929 -5.7
      vertex 47.1033 -32.2236 -7.4
      vertex 47.233 -32.2929 -7.4
    endloop
  endfacet
  facet normal -0.471259 0.881995 0
    outer loop
      vertex 47.233 -30.9071 -7.4
      vertex 47.1033 -30.9764 -5.7
      vertex 47.233 -30.9071 -5.7
    endloop
  endfacet
  facet normal -0.471259 0.881995 0
    outer loop
      vertex 47.1033 -30.9764 -5.7
      vertex 47.233 -30.9071 -7.4
      vertex 47.1033 -30.9764 -7.4
    endloop
  endfacet
  facet normal 0.471259 -0.881995 0
    outer loop
      vertex 47.807 -32.2929 -7.4
      vertex 47.9367 -32.2236 -5.7
      vertex 47.807 -32.2929 -5.7
    endloop
  endfacet
  facet normal 0.471259 -0.881995 0
    outer loop
      vertex 47.9367 -32.2236 -5.7
      vertex 47.807 -32.2929 -7.4
      vertex 47.9367 -32.2236 -7.4
    endloop
  endfacet
  facet normal -0.772774 0.634681 0
    outer loop
      vertex 46.8964 -31.1833 -7.4
      vertex 46.9897 -31.0697 -5.7
      vertex 46.9897 -31.0697 -7.4
    endloop
  endfacet
  facet normal -0.772774 0.634681 0
    outer loop
      vertex 46.9897 -31.0697 -5.7
      vertex 46.8964 -31.1833 -7.4
      vertex 46.8964 -31.1833 -5.7
    endloop
  endfacet
  facet normal 0.772774 0.634681 0
    outer loop
      vertex 48.1436 -31.1833 -5.7
      vertex 48.0503 -31.0697 -7.4
      vertex 48.0503 -31.0697 -5.7
    endloop
  endfacet
  facet normal 0.772774 0.634681 0
    outer loop
      vertex 48.0503 -31.0697 -7.4
      vertex 48.1436 -31.1833 -5.7
      vertex 48.1436 -31.1833 -7.4
    endloop
  endfacet
  facet normal 0.772774 -0.634681 0
    outer loop
      vertex 48.0503 -32.1303 -5.7
      vertex 48.1436 -32.0167 -7.4
      vertex 48.1436 -32.0167 -5.7
    endloop
  endfacet
  facet normal 0.772774 -0.634681 0
    outer loop
      vertex 48.1436 -32.0167 -7.4
      vertex 48.0503 -32.1303 -5.7
      vertex 48.0503 -32.1303 -7.4
    endloop
  endfacet
  facet normal -0.0979545 -0.995191 0
    outer loop
      vertex 47.3737 -32.3356 -7.4
      vertex 47.52 -32.35 -5.7
      vertex 47.3737 -32.3356 -5.7
    endloop
  endfacet
  facet normal -0.0979545 -0.995191 -0
    outer loop
      vertex 47.52 -32.35 -5.7
      vertex 47.3737 -32.3356 -7.4
      vertex 47.52 -32.35 -7.4
    endloop
  endfacet
  facet normal -0.290404 0.956904 0
    outer loop
      vertex 47.3737 -30.8644 -7.4
      vertex 47.233 -30.9071 -5.7
      vertex 47.3737 -30.8644 -5.7
    endloop
  endfacet
  facet normal -0.290404 0.956904 0
    outer loop
      vertex 47.233 -30.9071 -5.7
      vertex 47.3737 -30.8644 -7.4
      vertex 47.233 -30.9071 -7.4
    endloop
  endfacet
  facet normal 0.634681 -0.772774 0
    outer loop
      vertex 47.9367 -32.2236 -7.4
      vertex 48.0503 -32.1303 -5.7
      vertex 47.9367 -32.2236 -5.7
    endloop
  endfacet
  facet normal 0.634681 -0.772774 0
    outer loop
      vertex 48.0503 -32.1303 -5.7
      vertex 47.9367 -32.2236 -7.4
      vertex 48.0503 -32.1303 -7.4
    endloop
  endfacet
  facet normal 0.995191 -0.0979545 0
    outer loop
      vertex 48.2556 -31.7463 -5.7
      vertex 48.27 -31.6 -7.4
      vertex 48.27 -31.6 -5.7
    endloop
  endfacet
  facet normal 0.995191 -0.0979545 0
    outer loop
      vertex 48.27 -31.6 -7.4
      vertex 48.2556 -31.7463 -5.7
      vertex 48.2556 -31.7463 -7.4
    endloop
  endfacet
  facet normal -0.290404 -0.956904 0
    outer loop
      vertex 47.233 -32.2929 -7.4
      vertex 47.3737 -32.3356 -5.7
      vertex 47.233 -32.2929 -5.7
    endloop
  endfacet
  facet normal -0.290404 -0.956904 -0
    outer loop
      vertex 47.3737 -32.3356 -5.7
      vertex 47.233 -32.2929 -7.4
      vertex 47.3737 -32.3356 -7.4
    endloop
  endfacet
  facet normal 0.956904 -0.290404 0
    outer loop
      vertex 48.2129 -31.887 -5.7
      vertex 48.2556 -31.7463 -7.4
      vertex 48.2556 -31.7463 -5.7
    endloop
  endfacet
  facet normal 0.956904 -0.290404 0
    outer loop
      vertex 48.2556 -31.7463 -7.4
      vertex 48.2129 -31.887 -5.7
      vertex 48.2129 -31.887 -7.4
    endloop
  endfacet
  facet normal -0.956904 -0.290404 0
    outer loop
      vertex 46.8271 -31.887 -7.4
      vertex 46.7844 -31.7463 -5.7
      vertex 46.7844 -31.7463 -7.4
    endloop
  endfacet
  facet normal -0.956904 -0.290404 0
    outer loop
      vertex 46.7844 -31.7463 -5.7
      vertex 46.8271 -31.887 -7.4
      vertex 46.8271 -31.887 -5.7
    endloop
  endfacet
  facet normal 0.881995 -0.471259 0
    outer loop
      vertex 48.1436 -32.0167 -5.7
      vertex 48.2129 -31.887 -7.4
      vertex 48.2129 -31.887 -5.7
    endloop
  endfacet
  facet normal 0.881995 -0.471259 0
    outer loop
      vertex 48.2129 -31.887 -7.4
      vertex 48.1436 -32.0167 -5.7
      vertex 48.1436 -32.0167 -7.4
    endloop
  endfacet
  facet normal -0.995191 0.0979545 0
    outer loop
      vertex 46.77 -31.6 -7.4
      vertex 46.7844 -31.4537 -5.7
      vertex 46.7844 -31.4537 -7.4
    endloop
  endfacet
  facet normal -0.995191 0.0979545 0
    outer loop
      vertex 46.7844 -31.4537 -5.7
      vertex 46.77 -31.6 -7.4
      vertex 46.77 -31.6 -5.7
    endloop
  endfacet
  facet normal 0.0979545 0.995191 -0
    outer loop
      vertex 47.6663 -30.8644 -7.4
      vertex 47.52 -30.85 -5.7
      vertex 47.6663 -30.8644 -5.7
    endloop
  endfacet
  facet normal 0.0979545 0.995191 0
    outer loop
      vertex 47.52 -30.85 -5.7
      vertex 47.6663 -30.8644 -7.4
      vertex 47.52 -30.85 -7.4
    endloop
  endfacet
  facet normal -0.634681 0.772774 0
    outer loop
      vertex 47.1033 -30.9764 -7.4
      vertex 46.9897 -31.0697 -5.7
      vertex 47.1033 -30.9764 -5.7
    endloop
  endfacet
  facet normal -0.634681 0.772774 0
    outer loop
      vertex 46.9897 -31.0697 -5.7
      vertex 47.1033 -30.9764 -7.4
      vertex 46.9897 -31.0697 -7.4
    endloop
  endfacet
  facet normal 0.634681 0.772774 -0
    outer loop
      vertex 48.0503 -31.0697 -7.4
      vertex 47.9367 -30.9764 -5.7
      vertex 48.0503 -31.0697 -5.7
    endloop
  endfacet
  facet normal 0.634681 0.772774 0
    outer loop
      vertex 47.9367 -30.9764 -5.7
      vertex 48.0503 -31.0697 -7.4
      vertex 47.9367 -30.9764 -7.4
    endloop
  endfacet
  facet normal 0.0979545 -0.995191 0
    outer loop
      vertex 47.52 -32.35 -7.4
      vertex 47.6663 -32.3356 -5.7
      vertex 47.52 -32.35 -5.7
    endloop
  endfacet
  facet normal 0.0979545 -0.995191 0
    outer loop
      vertex 47.6663 -32.3356 -5.7
      vertex 47.52 -32.35 -7.4
      vertex 47.6663 -32.3356 -7.4
    endloop
  endfacet
  facet normal 0.471259 0.881995 -0
    outer loop
      vertex 47.9367 -30.9764 -7.4
      vertex 47.807 -30.9071 -5.7
      vertex 47.9367 -30.9764 -5.7
    endloop
  endfacet
  facet normal 0.471259 0.881995 0
    outer loop
      vertex 47.807 -30.9071 -5.7
      vertex 47.9367 -30.9764 -7.4
      vertex 47.807 -30.9071 -7.4
    endloop
  endfacet
  facet normal -0.772774 -0.634681 0
    outer loop
      vertex 46.9897 -32.1303 -7.4
      vertex 46.8964 -32.0167 -5.7
      vertex 46.8964 -32.0167 -7.4
    endloop
  endfacet
  facet normal -0.772774 -0.634681 0
    outer loop
      vertex 46.8964 -32.0167 -5.7
      vertex 46.9897 -32.1303 -7.4
      vertex 46.9897 -32.1303 -5.7
    endloop
  endfacet
  facet normal -0.634681 -0.772774 0
    outer loop
      vertex 46.9897 -32.1303 -7.4
      vertex 47.1033 -32.2236 -5.7
      vertex 46.9897 -32.1303 -5.7
    endloop
  endfacet
  facet normal -0.634681 -0.772774 -0
    outer loop
      vertex 47.1033 -32.2236 -5.7
      vertex 46.9897 -32.1303 -7.4
      vertex 47.1033 -32.2236 -7.4
    endloop
  endfacet
  facet normal -0.956904 0.290404 0
    outer loop
      vertex 46.7844 -31.4537 -7.4
      vertex 46.8271 -31.313 -5.7
      vertex 46.8271 -31.313 -7.4
    endloop
  endfacet
  facet normal -0.956904 0.290404 0
    outer loop
      vertex 46.8271 -31.313 -5.7
      vertex 46.7844 -31.4537 -7.4
      vertex 46.7844 -31.4537 -5.7
    endloop
  endfacet
  facet normal -0.881995 0.471259 0
    outer loop
      vertex 46.8271 -31.313 -7.4
      vertex 46.8964 -31.1833 -5.7
      vertex 46.8964 -31.1833 -7.4
    endloop
  endfacet
  facet normal -0.881995 0.471259 0
    outer loop
      vertex 46.8964 -31.1833 -5.7
      vertex 46.8271 -31.313 -7.4
      vertex 46.8271 -31.313 -5.7
    endloop
  endfacet
  facet normal -0.995191 -0.0979545 0
    outer loop
      vertex 46.7844 -31.7463 -7.4
      vertex 46.77 -31.6 -5.7
      vertex 46.77 -31.6 -7.4
    endloop
  endfacet
  facet normal -0.995191 -0.0979545 0
    outer loop
      vertex 46.77 -31.6 -5.7
      vertex 46.7844 -31.7463 -7.4
      vertex 46.7844 -31.7463 -5.7
    endloop
  endfacet
  facet normal 1 -0 0
    outer loop
      vertex 5.45 -28.05 -1.15
      vertex 5.45 -26.35 -1.45
      vertex 5.45 -26.35 -1.15
    endloop
  endfacet
  facet normal 1 0 0
    outer loop
      vertex 5.45 -26.35 -1.45
      vertex 5.45 -28.05 -1.15
      vertex 5.45 -28.05 -1.45
    endloop
  endfacet
  facet normal -0 0 1
    outer loop
      vertex -5.45 -26.35 -1.15
      vertex 5.45 -28.05 -1.15
      vertex 5.45 -26.35 -1.15
    endloop
  endfacet
  facet normal 0 0 1
    outer loop
      vertex 5.45 -28.05 -1.15
      vertex -5.45 -26.35 -1.15
      vertex -5.45 -28.05 -1.15
    endloop
  endfacet
  facet normal -1 0 0
    outer loop
      vertex -5.45 -28.05 -1.45
      vertex -5.45 -26.35 -1.15
      vertex -5.45 -26.35 -1.45
    endloop
  endfacet
  facet normal -1 -0 0
    outer loop
      vertex -5.45 -26.35 -1.15
      vertex -5.45 -28.05 -1.45
      vertex -5.45 -28.05 -1.15
    endloop
  endfacet
  facet normal 0 1 -0
    outer loop
      vertex 5.45 -26.35 -1.45
      vertex -5.45 -26.35 -1.15
      vertex 5.45 -26.35 -1.15
    endloop
  endfacet
  facet normal 0 1 0
    outer loop
      vertex -5.45 -26.35 -1.15
      vertex 5.45 -26.35 -1.45
      vertex -5.45 -26.35 -1.45
    endloop
  endfacet
  facet normal 0 -1 0
    outer loop
      vertex -5.45 -28.05 -1.45
      vertex 5.45 -28.05 -1.15
      vertex -5.45 -28.05 -1.15
    endloop
  endfacet
  facet normal 0 -1 -0
    outer loop
      vertex 5.45 -28.05 -1.15
      vertex -5.45 -28.05 -1.45
      vertex 5.45 -28.05 -1.45
    endloop
  endfacet
  facet normal 1 -0 0
    outer loop
      vertex 53 24.5 0.12
      vertex 53 32.5 0.0199995
      vertex 53 32.5 0.12
    endloop
  endfacet
  facet normal 1 0 0
    outer loop
      vertex 53 32.5 0.0199995
      vertex 53 24.5 0.12
      vertex 53 24.5 0.0199995
    endloop
  endfacet
  facet normal -0 0 1
    outer loop
      vertex 40 32.5 0.12
      vertex 53 24.5 0.12
      vertex 53 32.5 0.12
    endloop
  endfacet
  facet normal 0 0 1
    outer loop
      vertex 53 24.5 0.12
      vertex 40 32.5 0.12
      vertex 40 24.5 0.12
    endloop
  endfacet
  facet normal -1 0 0
    outer loop
      vertex 40 27.7375 0.0199995
      vertex 40 32.5 0.12
      vertex 40 32.5 0.0199995
    endloop
  endfacet
  facet normal -1 0 0
    outer loop
      vertex 40 24.5 0.12
      vertex 40 27.7375 0.0199995
      vertex 40 24.5 0.0199995
    endloop
  endfacet
  facet normal -1 0 0
    outer loop
      vertex 40 27.7375 0.0199995
      vertex 40 24.5 0.12
      vertex 40 32.5 0.12
    endloop
  endfacet
  facet normal 0 1 -0
    outer loop
      vertex 53 32.5 0.0199995
      vertex 40 32.5 0.12
      vertex 53 32.5 0.12
    endloop
  endfacet
  facet normal 0 1 0
    outer loop
      vertex 40 32.5 0.12
      vertex 53 32.5 0.0199995
      vertex 40 32.5 0.0199995
    endloop
  endfacet
  facet normal 0 -1 0
    outer loop
      vertex 41.9875 24.5 0.0199995
      vertex 40 24.5 0.12
      vertex 40 24.5 0.0199995
    endloop
  endfacet
  facet normal 0 -1 0
    outer loop
      vertex 40 24.5 0.12
      vertex 41.9875 24.5 0.0199995
      vertex 53 24.5 0.12
    endloop
  endfacet
  facet normal 0 -1 -0
    outer loop
      vertex 53 24.5 0.12
      vertex 41.9875 24.5 0.0199995
      vertex 53 24.5 0.0199995
    endloop
  endfacet
endsolid OpenSCAD_Model
